Filename,search_term,Page,Description
6.4.1 Arkitekt ritningar.pdf,FÖ,1,"Handling Uppdragsnummer NYBYGGNAD, ANNANDAGSGATAN NY FÖRSKOLA 19173 2024-09-20 1 / 1"
6.4.1 Arkitekt ritningar.pdf,FÖ,1,"19173 2024-09-20 1 / 1 HANDLINGSFÖRTECKNING MARCUS BLOMQVIST , 076-492 55"
6.4.1 Arkitekt ritningar.pdf,FÖ,1,076-492 55 38 2023-12-20 GODKÄND STADSFASTIGHETSFÖRVALTNINGEN FÖRFRÅGNINGSUNDERLAG 3479 00-0 FÖRKLARINGAR &
6.4.1 Arkitekt ritningar.pdf,FÖ,1,55 38 2023-12-20 GODKÄND STADSFASTIGHETSFÖRVALTNINGEN FÖRFRÅGNINGSUNDERLAG 3479 00-0 FÖRKLARINGAR & FÖRESKRIFTER
6.4.1 Arkitekt ritningar.pdf,FÖ,1,GODKÄND STADSFASTIGHETSFÖRVALTNINGEN FÖRFRÅGNINGSUNDERLAG 3479 00-0 FÖRKLARINGAR & FÖRESKRIFTER 304051-A-00-0-A001 A FÖRKLARINGAR
6.4.1 Arkitekt ritningar.pdf,FÖ,1,FÖRFRÅGNINGSUNDERLAG 3479 00-0 FÖRKLARINGAR & FÖRESKRIFTER 304051-A-00-0-A001 A FÖRKLARINGAR & FÖRESKRIFTER
6.4.1 Arkitekt ritningar.pdf,FÖ,1,FÖRKLARINGAR & FÖRESKRIFTER 304051-A-00-0-A001 A FÖRKLARINGAR & FÖRESKRIFTER - FU 2023-12-20
6.4.1 Arkitekt ritningar.pdf,FÖ,1,FÖRESKRIFTER 304051-A-00-0-A001 A FÖRKLARINGAR & FÖRESKRIFTER - FU 2023-12-20 2024-09-20 40-0
6.4.1 Arkitekt ritningar.pdf,FÖ,1,1:100 FU 2023-12-20 42-4 YTTERVÄGG FÖRTECKNING 304051-A-42-4-A011 UTV. TRÄFÖNSTER 1:50 FU
6.4.1 Arkitekt ritningar.pdf,FÖ,1,42-4 YTTERVÄGG FÖRTECKNING 304051-A-42-4-A011 UTV. TRÄFÖNSTER 1:50 FU 2023-12-20 304051-A-42-4-A021 UTV.
6.4.1 Arkitekt ritningar.pdf,FÖ,1,1:50 FU 2023-12-20 304051-A-42-4-A021 UTV. ALUMINIUMFÖNSTER 1:50 FU 2023-12-20 304051-A-42-4-A041 UTV.
6.4.1 Arkitekt ritningar.pdf,FÖ,2,REVIDERAD:2013-01-01 SIGN: SE ANNANDAGSGATAN NY FÖRSKOLA M. BLOMQVIST 19173 2024-09-20 FÖRFRÅGNINGSUNDERLAG
6.4.1 Arkitekt ritningar.pdf,FÖ,2,FÖRSKOLA M. BLOMQVIST 19173 2024-09-20 FÖRFRÅGNINGSUNDERLAG NYBYGGNAD 1 1 PM-01 SID
6.4.1 Arkitekt ritningar.pdf,FÖ,2,SID 1/ 1 304051-A-00-0-A001 A Förklaring SK = Skåp. 304051-A-40-1-A100 A
6.4.1 Arkitekt ritningar.pdf,FTÖ,3,"FAF = FÖNSTER ALUMINIUM, FAST FTÖ = FÖNSTER TRÄ, ÖPPNINGSBART FTF"
6.4.1 Arkitekt ritningar.pdf,FTF,3,"FTÖ = FÖNSTER TRÄ, ÖPPNINGSBART FTF = FÖNSTER TRÄ, FAST DF:X"
6.4.1 Arkitekt ritningar.pdf,FÖ,3,FÖRKLARINGAR BETECKNINGAR: AK = ARMBÅGSKONTAKT PK
6.4.1 Arkitekt ritningar.pdf,FÖ,3,PASSAGEKONTROLL (KORT/TAGG) AT = PLATS FÖR ANSLAGSTAVLA (DIGITAL) DM = DISKMASKIN
6.4.1 Arkitekt ritningar.pdf,FÖ,3,= DISKMASKIN DS = PLATS FÖR DIGITAL SKÄRM FS = FILTSKÅP
6.4.1 Arkitekt ritningar.pdf,FÖ,3,= OMKLÄDNINGSSKÅP SS = PLATS FÖR SÄKERHETSSKÅP SK = SKÅP SP
6.4.1 Arkitekt ritningar.pdf,FÖ,3,= VATTENUTKASTARE/STÖVELTVÄTT WB = WHITEBOARD FÖRESKRIFTER - HÄNVISNINGAR BRANDSKYDDSDOKUMENTATION ENL. BRAND
6.4.1 Arkitekt ritningar.pdf,FÖ,3,PARTIER AV METALL 304051-A-43-4-A041 UTV. TRÄFÖNSTER 304051-A-42-4-A011 UTV. ALUMINIUMFÖNSTER 304051-A-42-4-A021 UTV.
6.4.1 Arkitekt ritningar.pdf,FÖ,3,304051-A-43-4-A041 UTV. TRÄFÖNSTER 304051-A-42-4-A011 UTV. ALUMINIUMFÖNSTER 304051-A-42-4-A021 UTV. PARTIER AV METALL
6.4.1 Arkitekt ritningar.pdf,FÖ,3,KULÖRER ÅTERFINNS I TYPRUMSBESKRIVNING (304051-A-RUB) FÖRKLARINGAR ALLA MÅTT ANGES I MILLIMETER.
6.4.1 Arkitekt ritningar.pdf,FÖ,3,"K LITTERA DÖRRAR, PARTIER OCH FÖNSTER YDS = UTVÄNDIG DÖRR I"
6.4.1 Arkitekt ritningar.pdf,FÖ,3,"MP = METALLPARTI FAÖ = FÖNSTER ALUMINIUM, ÖPPNINGSBART FAF = FÖNSTER"
6.4.1 Arkitekt ritningar.pdf,FÖ,3,"FÖNSTER ALUMINIUM, ÖPPNINGSBART FAF = FÖNSTER ALUMINIUM, FAST FTÖ = FÖNSTER"
6.4.1 Arkitekt ritningar.pdf,FÖ,3,"FÖNSTER ALUMINIUM, FAST FTÖ = FÖNSTER TRÄ, ÖPPNINGSBART FTF = FÖNSTER"
6.4.1 Arkitekt ritningar.pdf,FÖ,3,"FÖNSTER TRÄ, ÖPPNINGSBART FTF = FÖNSTER TRÄ, FAST DF:X = DÖRRFUNKTION"
6.4.1 Arkitekt ritningar.pdf,FÖ,3,FAST DF:X = DÖRRFUNKTION SE FÖRKLARING NEDAN DF:C = ENDAST CYLINDERLÅS
6.4.1 Arkitekt ritningar.pdf,FÖ,3,ENDAST CYLINDERLÅS DF:G1 = GRIND FÖRSES MED ICKE FJÄDRANDE VRED PÅ
6.4.1 Arkitekt ritningar.pdf,FÖ,3,"AVVIKELSER FRÅN OVAN DOKUMENT ENL. FÖLJANDE; (SE FÖRKLARINGAR OCH FUNKTIONER, FÖR"
6.4.1 Arkitekt ritningar.pdf,FÖ,3,"OVAN DOKUMENT ENL. FÖLJANDE; (SE FÖRKLARINGAR OCH FUNKTIONER, FÖR SIFFROR INOM"
6.4.1 Arkitekt ritningar.pdf,FÖ,3,"FÖLJANDE; (SE FÖRKLARINGAR OCH FUNKTIONER, FÖR SIFFROR INOM PARANTES NEDAN, PÅ"
6.4.1 Arkitekt ritningar.pdf,FÖ,3,"WC, WC/D, RWC OCH RWC/D UTFÖRS MED WC-BESLAG. DÖRRAR UTAN DF:X-BETECKNING"
6.4.1 Arkitekt ritningar.pdf,FÖ,3,"WC, RWC, WC/D OCH RWC/D UTFÖRS BLINDADE FRÅN BÅDA SIDOR. VID"
6.4.1 Arkitekt ritningar.pdf,FÖ,3,VID MOTSTRIDIGA UPPGIFTER GÄLLER BRANDSKYDDSBESKRIVNING FÖRE DENNA HANDLING. I BYGGHANDLINGSPROJEKTERING SKA
6.4.1 Arkitekt ritningar.pdf,FÖ,3,AV MED OCH GODKÄNNAS AV STADSFASTIGHETSFÖRVALTNINGEN. A-40-1 PLANER FILNAMN: PROJEKTNAMN OMRÅDE
6.4.1 Arkitekt ritningar.pdf,FÖ,3,PROJEKTNUMMER ADRESS DIARIENUMMER FASTIGHET DISCIPLIN FÖRETAG UPPDRAGSNUMMER SKAPAD AV TELEFON KONTAKTPERSON
6.4.1 Arkitekt ritningar.pdf,FÖ,3,ANNANDAGSGATAN 1 - A1 00-0 FÖRKLARINGAR & FÖRESKRIFTER FÖRKLARINGAR & FÖRESKRIFTER
6.4.1 Arkitekt ritningar.pdf,FÖ,3,- A1 00-0 FÖRKLARINGAR & FÖRESKRIFTER FÖRKLARINGAR & FÖRESKRIFTER GÖTEBORG KORTEDALA
6.4.1 Arkitekt ritningar.pdf,FÖ,3,A1 00-0 FÖRKLARINGAR & FÖRESKRIFTER FÖRKLARINGAR & FÖRESKRIFTER GÖTEBORG KORTEDALA 90:3
6.4.1 Arkitekt ritningar.pdf,FÖ,3,FÖRKLARINGAR & FÖRESKRIFTER FÖRKLARINGAR & FÖRESKRIFTER GÖTEBORG KORTEDALA 90:3 SEMRÉN &
6.4.1 Arkitekt ritningar.pdf,FÖ,3,- - 304051-A-00-0-A001 ANNANDAGSGATAN NY FÖRSKOLA FÖRFRÅGNINGSUNDERLAG GODKÄND 2023-12-20 M. BLOMQVIST
6.4.1 Arkitekt ritningar.pdf,FÖ,3,- 304051-A-00-0-A001 ANNANDAGSGATAN NY FÖRSKOLA FÖRFRÅGNINGSUNDERLAG GODKÄND 2023-12-20 M. BLOMQVIST
6.4.1 Arkitekt ritningar.pdf,FÖ,4,FÖRKLARINGAR ALLA MÅTT ANGES I MILLIMETER.
6.4.1 Arkitekt ritningar.pdf,FÖ,4,GOLV/MARK ÄR UNGEFÄRLIGA SE MARK-HANDLING FÖR EXAKTA PLUSHÖJDER BETECKNINGAR: HR =
6.4.1 Arkitekt ritningar.pdf,FÖ,4,NY BYGGDEL TAKTÄCKNING AV VEGETATIONSSKIKT FÖRESKRIFTER HÄNVISNINGAR MARKNIVÅER ENL. MARK MARKMATERIAL
6.4.1 Arkitekt ritningar.pdf,FÖ,4,MARKNIVÅER ENL. MARK MARKMATERIAL I FÖRRÅD ENL. MARK BRANDSKYDDSDOKUMENTATION ENL. BRAND
6.4.1 Arkitekt ritningar.pdf,FÖ,4,D & E ÄR BEFINTLIGA FÖRRÅD SOM FINNS PÅ FASTIGHETEN. FÖRRÅDEN
6.4.1 Arkitekt ritningar.pdf,FÖ,4,FÖRRÅD SOM FINNS PÅ FASTIGHETEN. FÖRRÅDEN ÄR UPPMODELLERADE EFTER BILDER SOM
6.4.1 Arkitekt ritningar.pdf,FÖ,4,"UTBREDNING, MÅTT OCH UTSEENDE KAN FÖREKOMMA. 19 m² B100 Återvinning D-D"
6.4.1 Arkitekt ritningar.pdf,FÖ,4,AVFALL DF:C+S YDS12a GRIND DF:C PAPPERSFÖRPACKNINGAR 660L RESTAVFALL 660L RESTAVFALL 660L
6.4.1 Arkitekt ritningar.pdf,FÖ,4,"ENL. MARK R1 +85,78 HYLLA FÖR BARNVAGNAR G-G G-G F-F F-F"
6.4.1 Arkitekt ritningar.pdf,FÖ,4,ENL. MARK 8 m² C100 Barnvagnsförråd STR STR DUBBELGRIND DUBBELGRIND DUBBELGRIND
6.4.1 Arkitekt ritningar.pdf,FÖ,4,"HR STR STR 6° C100 Barnvagnsförråd +83,23 6° 200 200 +86,25"
6.4.1 Arkitekt ritningar.pdf,FÖ,4,"200 200 +86,25 +86,47 C100 Barnvagnsförråd +83,70 +83,64 200 200 TP3"
6.4.1 Arkitekt ritningar.pdf,FÖ,4,PROJEKTNUMMER ADRESS DIARIENUMMER FASTIGHET DISCIPLIN FÖRETAG UPPDRAGSNUMMER SKAPAD AV TELEFON KONTAKTPERSON
6.4.1 Arkitekt ritningar.pdf,FÖ,4,- PLAN 304051-A-40-0-B100 ANNANDAGSGATAN NY FÖRSKOLA FÖRFRÅGNINGSUNDERLAG GODKÄND 2023-12-20 M. BLOMQVIST
6.4.1 Arkitekt ritningar.pdf,FÖ,4,PLAN 304051-A-40-0-B100 ANNANDAGSGATAN NY FÖRSKOLA FÖRFRÅGNINGSUNDERLAG GODKÄND 2023-12-20 M. BLOMQVIST PLAN
6.4.1 Arkitekt ritningar.pdf,FÖ,5,H-H H-H 8 m² D100 Lekförråd BEF. DÖRR STR STR KROKAR
6.4.1 Arkitekt ritningar.pdf,FÖ,5,K-K K-K 10 m² E100 Lekförråd BEF. DÖRR STR STR DF:C+S
6.4.1 Arkitekt ritningar.pdf,FÖ,5,DÖRR DF:C+S 11 m² E101 Cykelförråd KROKAR GOLVNIVÅ ENL. MARK I-I
6.4.1 Arkitekt ritningar.pdf,FÖ,5,"ANPASSAS EFTER BEFINTLIG LUTNING D100 Lekförråd 300 300 +86,54 +86,55 +84,20"
6.4.1 Arkitekt ritningar.pdf,FÖ,5,"+86,54 +86,55 +84,20 +83,31 D100 Lekförråd 300 300 +84,20 +84,20 300"
6.4.1 Arkitekt ritningar.pdf,FÖ,5,"300 300 11 m² E101 Cykelförråd +83,78 +83,75 300 300 E100"
6.4.1 Arkitekt ritningar.pdf,FÖ,5,"+83,78 +83,75 300 300 E100 Lekförråd E101 Cykelförråd +83,78 +83,75 +86,55"
6.4.1 Arkitekt ritningar.pdf,FÖ,5,"300 300 E100 Lekförråd E101 Cykelförråd +83,78 +83,75 +86,55 +86,55 TP2"
6.4.1 Arkitekt ritningar.pdf,FÖ,5,"+83,75 +83,78 +83,75 TP2 S2 FÖRKLARINGAR ALLA MÅTT ANGES I MILLIMETER."
6.4.1 Arkitekt ritningar.pdf,FÖ,5,GOLV/MARK ÄR UNGEFÄRLIGA SE MARK-HANDLING FÖR EXAKTA PLUSHÖJDER BETECKNINGAR: HR =
6.4.1 Arkitekt ritningar.pdf,FÖ,5,NY BYGGDEL TAKTÄCKNING AV VEGETATIONSSKIKT FÖRESKRIFTER HÄNVISNINGAR MARKNIVÅER ENL. MARK MARKMATERIAL
6.4.1 Arkitekt ritningar.pdf,FÖ,5,MARKNIVÅER ENL. MARK MARKMATERIAL I FÖRRÅD ENL. MARK BRANDSKYDDSDOKUMENTATION ENL. BRAND
6.4.1 Arkitekt ritningar.pdf,FÖ,5,D & E ÄR BEFINTLIGA FÖRRÅD SOM FINNS PÅ FASTIGHETEN. FÖRRÅDEN
6.4.1 Arkitekt ritningar.pdf,FÖ,5,FÖRRÅD SOM FINNS PÅ FASTIGHETEN. FÖRRÅDEN ÄR UPPMODELLERADE EFTER BILDER SOM
6.4.1 Arkitekt ritningar.pdf,FÖ,5,"UTBREDNING, MÅTT OCH UTSEENDE KAN FÖREKOMMA. FILNAMN: PROJEKTNAMN OMRÅDE PROJEKTNUMMER ADRESS"
6.4.1 Arkitekt ritningar.pdf,FÖ,5,PROJEKTNUMMER ADRESS DIARIENUMMER FASTIGHET DISCIPLIN FÖRETAG UPPDRAGSNUMMER SKAPAD AV TELEFON KONTAKTPERSON
6.4.1 Arkitekt ritningar.pdf,FÖ,5,- PLAN 304051-A-40-0-D100 ANNANDAGSGATAN NY FÖRSKOLA FÖRFRÅGNINGSUNDERLAG GODKÄND 2023-12-20 M. BLOMQVIST
6.4.1 Arkitekt ritningar.pdf,FÖ,5,PLAN 304051-A-40-0-D100 ANNANDAGSGATAN NY FÖRSKOLA FÖRFRÅGNINGSUNDERLAG GODKÄND 2023-12-20 M. BLOMQVIST PLAN
6.4.1 Arkitekt ritningar.pdf,FÖ,5,NORR HUS D - BEFINTLIGT FÖRRÅD HUS E - BEFINTLIGT FÖRRÅD
6.4.1 Arkitekt ritningar.pdf,FÖ,5,FÖRRÅD HUS E - BEFINTLIGT FÖRRÅD
6.4.1 Arkitekt ritningar.pdf,FTÖ,6,Städ AT KL Kl-Personal Kl-Personal FTÖ20b BH 600 FTÖ20b BH 600
6.4.1 Arkitekt ritningar.pdf,FTÖ,6,Kl-Personal Kl-Personal FTÖ20b BH 600 FTÖ20b BH 600 FTÖ20b BH 600
6.4.1 Arkitekt ritningar.pdf,FTÖ,6,BH 600 FTÖ20b BH 600 FTÖ20b BH 600 FTÖ20b BH 600
6.4.1 Arkitekt ritningar.pdf,FTÖ,6,BH 600 FTÖ20b BH 600 FTÖ20b BH 600 FRD FRD FRD
6.4.1 Arkitekt ritningar.pdf,FTÖ,6,A120 Vindfång DTG10e MP17a DHG10a FTÖ30a BH 600 YMP17a YMP17a DT10c
6.4.1 Arkitekt ritningar.pdf,FTÖ,6,PDT16a FS MS FS MS FTÖ30a BH 600 DT10e FS MS
6.4.1 Arkitekt ritningar.pdf,FTÖ,6,DT10e FS MS MS FS FTÖ30a BH 600 DT10e FÄLLBAR STOL
6.4.1 Arkitekt ritningar.pdf,FTF,6,DT08a DT08a DT08a YMP17a YMP17a FTF09a BH 600 YDSG12a Hiss TS
6.4.1 Arkitekt ritningar.pdf,FTF,6,A123 Förråd AK YMP10a DF:3+U FTF09b BH 1 740 INSPEKTIONS LUCKA
6.4.1 Arkitekt ritningar.pdf,FÖ,6,FRD FRD FRD FRD Tillfällig förvaring av gods 6 m² A120
6.4.1 Arkitekt ritningar.pdf,FÖ,6,A106 WC/D 4 m² A109 Förråd 7 m² A104 Varumottagning 11
6.4.1 Arkitekt ritningar.pdf,FÖ,6,DF:G1 DF:C 4 m² A123 Förråd AK YMP10a DF:3+U FTF09b BH
6.4.1 Arkitekt ritningar.pdf,FÖ,6,? SK SK SKJ10a SKJ10a FÖRKLARINGAR SE RITNING 304051-A-00-0-A001. FÖRESKRIFTER SE
6.4.1 Arkitekt ritningar.pdf,FÖ,6,SKJ10a FÖRKLARINGAR SE RITNING 304051-A-00-0-A001. FÖRESKRIFTER SE RITNING 304051-A-00-0-A001. HÄNVISNINGAR SE
6.4.1 Arkitekt ritningar.pdf,FÖ,6,PROJEKTNUMMER ADRESS DIARIENUMMER FASTIGHET DISCIPLIN FÖRETAG UPPDRAGSNUMMER SKAPAD AV TELEFON KONTAKTPERSON
6.4.1 Arkitekt ritningar.pdf,FÖ,6,- PLAN 304051-A-40-1-A100 ANNANDAGSGATAN NY FÖRSKOLA FÖRFRÅGNINGSUNDERLAG GODKÄND 2023-12-20 M. BLOMQVIST
6.4.1 Arkitekt ritningar.pdf,FÖ,6,PLAN 304051-A-40-1-A100 ANNANDAGSGATAN NY FÖRSKOLA FÖRFRÅGNINGSUNDERLAG GODKÄND 2023-12-20 M. BLOMQVIST
6.4.1 Arkitekt ritningar.pdf,FTÖ,7,C-C 304051-A-40-2-A001 C-C 304051-A-40-2-A001 Hiss FTÖ20b BH 600 FTÖ20b BH 600
6.4.1 Arkitekt ritningar.pdf,FTÖ,7,304051-A-40-2-A001 Hiss FTÖ20b BH 600 FTÖ20b BH 600 FTÖ20b BH 600
6.4.1 Arkitekt ritningar.pdf,FTÖ,7,BH 600 FTÖ20b BH 600 FTÖ20b BH 600 FTÖ20b BH 600
6.4.1 Arkitekt ritningar.pdf,FTÖ,7,BH 600 FTÖ20b BH 600 FTÖ20b BH 600 FTÖ30a BH 600
6.4.1 Arkitekt ritningar.pdf,FTÖ,7,BH 600 FTÖ20b BH 600 FTÖ30a BH 600 YMP17a YMP17a FTÖ20a
6.4.1 Arkitekt ritningar.pdf,FTÖ,7,FTÖ30a BH 600 YMP17a YMP17a FTÖ20a BH 600 FTÖ20a BH 600
6.4.1 Arkitekt ritningar.pdf,FTÖ,7,YMP17a YMP17a FTÖ20a BH 600 FTÖ20a BH 600 FTÖ30a BH 600
6.4.1 Arkitekt ritningar.pdf,FTÖ,7,BH 600 FTÖ20a BH 600 FTÖ30a BH 600 FTF09a BH 600
6.4.1 Arkitekt ritningar.pdf,FTÖ,7,"BH 600 FTF20a BH 600 FTÖ10a BH 600 PK +88,500 22"
6.4.1 Arkitekt ritningar.pdf,FTÖ,7,AT FRD FRD FRD FRD FTÖ30a BH 600 DTG10b DTG10b DT11a
6.4.1 Arkitekt ritningar.pdf,FTÖ,7,DTG10c DT10c DTG10c YDS10a VIKVÄGG/BLOCKVÄGG FTÖ20a BH 600 YMP17a YMP17a MS
6.4.1 Arkitekt ritningar.pdf,FTÖ,7,Förråd DT10a DT10d MM TP FTÖ11a BH 600 EL DF:4+F DF:C+F
6.4.1 Arkitekt ritningar.pdf,FTF,7,BH 600 FTÖ30a BH 600 FTF09a BH 600 FTF20a BH 600
6.4.1 Arkitekt ritningar.pdf,FTF,7,BH 600 FTF09a BH 600 FTF20a BH 600 FTÖ10a BH 600
6.4.1 Arkitekt ritningar.pdf,FÖ,7,FÖRKLARINGAR SE RITNING 304051-A-00-0-A001. FÖRESKRIFTER SE
6.4.1 Arkitekt ritningar.pdf,FÖ,7,FÖRKLARINGAR SE RITNING 304051-A-00-0-A001. FÖRESKRIFTER SE RITNING 304051-A-00-0-A001. HÄNVISNINGAR SE
6.4.1 Arkitekt ritningar.pdf,FÖ,7,A204 Kontor 7 m² A202 Förråd 15 m² A203 Städ och
6.4.1 Arkitekt ritningar.pdf,FÖ,7,KH K/F DTG10e Kl-Personal WB Förvaringsvägg DS DT10e DTG10b DT10c 6
6.4.1 Arkitekt ritningar.pdf,FÖ,7,DTG10b DT10c 6 m² A201 Förråd DT10a DT10d MM TP FTÖ11a
6.4.1 Arkitekt ritningar.pdf,FÖ,7,PROJEKTNUMMER ADRESS DIARIENUMMER FASTIGHET DISCIPLIN FÖRETAG UPPDRAGSNUMMER SKAPAD AV TELEFON KONTAKTPERSON
6.4.1 Arkitekt ritningar.pdf,FÖ,7,- PLAN 304051-A-40-1-A200 ANNANDAGSGATAN NY FÖRSKOLA FÖRFRÅGNINGSUNDERLAG GODKÄND 2023-12-20 M. BLOMQVIST
6.4.1 Arkitekt ritningar.pdf,FÖ,7,PLAN 304051-A-40-1-A200 ANNANDAGSGATAN NY FÖRSKOLA FÖRFRÅGNINGSUNDERLAG GODKÄND 2023-12-20 M. BLOMQVIST
6.4.1 Arkitekt ritningar.pdf,FÖ,8,FÖRKLARINGAR SE RITNING 304051-A-00-0-A001. FÖRESKRIFTER SE
6.4.1 Arkitekt ritningar.pdf,FÖ,8,FÖRKLARINGAR SE RITNING 304051-A-00-0-A001. FÖRESKRIFTER SE RITNING 304051-A-00-0-A001. HÄNVISNINGAR SE
6.4.1 Arkitekt ritningar.pdf,FÖ,8,PROJEKTNUMMER ADRESS DIARIENUMMER FASTIGHET DISCIPLIN FÖRETAG UPPDRAGSNUMMER SKAPAD AV TELEFON KONTAKTPERSON
6.4.1 Arkitekt ritningar.pdf,FÖ,8,- PLAN 304051-A-40-1-A300 ANNANDAGSGATAN NY FÖRSKOLA FÖRFRÅGNINGSUNDERLAG GODKÄND 2023-12-20 M. BLOMQVIST
6.4.1 Arkitekt ritningar.pdf,FÖ,8,PLAN 304051-A-40-1-A300 ANNANDAGSGATAN NY FÖRSKOLA FÖRFRÅGNINGSUNDERLAG GODKÄND 2023-12-20 M. BLOMQVIST
6.4.1 Arkitekt ritningar.pdf,FÖ,9,FÖRKLARINGAR ALLA MÅTT ANGES I MILLIMETER.
6.4.1 Arkitekt ritningar.pdf,FÖ,9,ANGES I METER. NY MARKLINJE FÖRESKRIFTER - HÄNVISNINGAR MARKNIVÅER ENL. MARK
6.4.1 Arkitekt ritningar.pdf,FÖ,9,PROJEKTNUMMER ADRESS DIARIENUMMER FASTIGHET DISCIPLIN FÖRETAG UPPDRAGSNUMMER SKAPAD AV TELEFON KONTAKTPERSON
6.4.1 Arkitekt ritningar.pdf,FÖ,9,- SEKTION 304051-A-40-2-A001 ANNANDAGSGATAN NY FÖRSKOLA FÖRFRÅGNINGSUNDERLAG GODKÄND 2023-12-20 M. BLOMQVIST
6.4.1 Arkitekt ritningar.pdf,FÖ,9,SEKTION 304051-A-40-2-A001 ANNANDAGSGATAN NY FÖRSKOLA FÖRFRÅGNINGSUNDERLAG GODKÄND 2023-12-20 M. BLOMQVIST SEKTION
6.4.1 Arkitekt ritningar.pdf,FÖ,10,FÖRKLARINGAR FÖRESKRIFTER HÄNVISNINGAR MARKNIVÅER ENL. MARK
6.4.1 Arkitekt ritningar.pdf,FÖ,10,FÖRKLARINGAR FÖRESKRIFTER HÄNVISNINGAR MARKNIVÅER ENL. MARK BRANDSKYDDSDOKUMENTATION
6.4.1 Arkitekt ritningar.pdf,FÖ,10,AKUSTIK TEKNISK BESKRIVNING (304051-A-TBH) UTV. TRÄFÖNSTER 304051-A-42-4-A011 UTV. ALUMINIUMFÖNSTER 304051-A-42-4-A021 UTV.
6.4.1 Arkitekt ritningar.pdf,FÖ,10,(304051-A-TBH) UTV. TRÄFÖNSTER 304051-A-42-4-A011 UTV. ALUMINIUMFÖNSTER 304051-A-42-4-A021 UTV. PARTIER AV METALL
6.4.1 Arkitekt ritningar.pdf,FÖ,10,PROJEKTNUMMER ADRESS DIARIENUMMER FASTIGHET DISCIPLIN FÖRETAG UPPDRAGSNUMMER SKAPAD AV TELEFON KONTAKTPERSON
6.4.1 Arkitekt ritningar.pdf,FÖ,10,- FASAD 304051-A-40-3-A001 ANNANDAGSGATAN NY FÖRSKOLA FÖRFRÅGNINGSUNDERLAG GODKÄND 2023-12-20 M. BLOMQVIST
6.4.1 Arkitekt ritningar.pdf,FÖ,10,FASAD 304051-A-40-3-A001 ANNANDAGSGATAN NY FÖRSKOLA FÖRFRÅGNINGSUNDERLAG GODKÄND 2023-12-20 M. BLOMQVIST FASAD
6.4.1 Arkitekt ritningar.pdf,FÖ,11,FÖRKLARINGAR SE RITNING 304051-A-40-3-A001. FÖRESKRIFTER SE
6.4.1 Arkitekt ritningar.pdf,FÖ,11,FÖRKLARINGAR SE RITNING 304051-A-40-3-A001. FÖRESKRIFTER SE RITNING 304051-A-40-3-A001. HÄNVISNINGAR SE
6.4.1 Arkitekt ritningar.pdf,FÖ,11,PROJEKTNUMMER ADRESS DIARIENUMMER FASTIGHET DISCIPLIN FÖRETAG UPPDRAGSNUMMER SKAPAD AV TELEFON KONTAKTPERSON
6.4.1 Arkitekt ritningar.pdf,FÖ,11,- FASAD 304051-A-40-3-A002 ANNANDAGSGATAN NY FÖRSKOLA FÖRFRÅGNINGSUNDERLAG GODKÄND 2023-12-20 M. BLOMQVIST
6.4.1 Arkitekt ritningar.pdf,FÖ,11,FASAD 304051-A-40-3-A002 ANNANDAGSGATAN NY FÖRSKOLA FÖRFRÅGNINGSUNDERLAG GODKÄND 2023-12-20 M. BLOMQVIST FASAD
6.4.1 Arkitekt ritningar.pdf,FÖ,12,FÖRKLARINGAR ALLA MÅTT ANGES I MILLIMETER.
6.4.1 Arkitekt ritningar.pdf,FÖ,12,KONDENSOR SKRAFFERINGAR: TAKTÄCKNING AV PLÅT FÖRESKRIFTER TAKSÄKERHET ENLIGT TEKNISK BESKRIVNING HÄNVISNINGAR
6.4.1 Arkitekt ritningar.pdf,FÖ,12,STR KD2 KD3 KD4 KD1 FÖRESLAGEN PLACERING KONDENSORER TH TH RL
6.4.1 Arkitekt ritningar.pdf,FÖ,12,PROJEKTNUMMER ADRESS DIARIENUMMER FASTIGHET DISCIPLIN FÖRETAG UPPDRAGSNUMMER SKAPAD AV TELEFON KONTAKTPERSON
6.4.1 Arkitekt ritningar.pdf,FÖ,12,- TAKPLAN 304051-A-41-1-A400 ANNANDAGSGATAN NY FÖRSKOLA FÖRFRÅGNINGSUNDERLAG GODKÄND 2023-12-20 M. BLOMQVIST
6.4.1 Arkitekt ritningar.pdf,FÖ,12,TAKPLAN 304051-A-41-1-A400 ANNANDAGSGATAN NY FÖRSKOLA FÖRFRÅGNINGSUNDERLAG GODKÄND 2023-12-20 M. BLOMQVIST
6.4.1 Arkitekt ritningar.pdf,FTÖ,13,= FAST DEL AV FÖNSTER FTÖxxy = FÖNSTER TRÄ ÖPPNINGSBART FTFxxy
6.4.1 Arkitekt ritningar.pdf,FTÖ,13,F F 9M 17M FTF09a FTÖ10 FTF20 FTÖ20a INNE UTE INNE
6.4.1 Arkitekt ritningar.pdf,FTÖ,13,9M 17M FTF09a FTÖ10 FTF20 FTÖ20a INNE UTE INNE UTE INNE
6.4.1 Arkitekt ritningar.pdf,FTÖ,13,UTE INNE UTE INNE UTE FTÖ11 INNE UTE FTÖ20b INNE UTE
6.4.1 Arkitekt ritningar.pdf,FTÖ,13,INNE UTE FTÖ11 INNE UTE FTÖ20b INNE UTE INNE UTE FTF09b
6.4.1 Arkitekt ritningar.pdf,FTÖ,13,INNE UTE FTF09b INNE UTE FTÖ30 Ö F F F 30M
6.4.1 Arkitekt ritningar.pdf,FTÖ,13,RAL 6011 NCS S 0500-N FTÖ10a 1 - - 38 dB
6.4.1 Arkitekt ritningar.pdf,FTÖ,13,RAL 6011 NCS S 0500-N FTÖ11a 1 - - 38 dB
6.4.1 Arkitekt ritningar.pdf,FTÖ,13,RAL 6011 NCS S 0500-N FTÖ20a 3 - - 38 dB
6.4.1 Arkitekt ritningar.pdf,FTÖ,13,RAL 6011 NCS S 0500-N FTÖ20b 8 - - 38 dB
6.4.1 Arkitekt ritningar.pdf,FTÖ,13,RAL 6011 NCS S 0500-N FTÖ30a 6 - - 38 dB
6.4.1 Arkitekt ritningar.pdf,FTF,13,FTÖxxy = FÖNSTER TRÄ ÖPPNINGSBART FTFxxy = FÖNSTER TRÄ FAST FÖRESKRIFTER
6.4.1 Arkitekt ritningar.pdf,FTF,13,13M F F 9M 17M FTF09a FTÖ10 FTF20 FTÖ20a INNE UTE
6.4.1 Arkitekt ritningar.pdf,FTF,13,F 9M 17M FTF09a FTÖ10 FTF20 FTÖ20a INNE UTE INNE UTE
6.4.1 Arkitekt ritningar.pdf,FTF,13,FTÖ20b INNE UTE INNE UTE FTF09b INNE UTE FTÖ30 Ö F
6.4.1 Arkitekt ritningar.pdf,FTF,13,"KULÖR, UTVÄNDIGT F9.4 KULÖR, INVÄNDIGT FTF09a 2 - - 38 dB"
6.4.1 Arkitekt ritningar.pdf,FTF,13,RAL 6011 NCS S 0500-N FTF09b 1 - - 38 dB
6.4.1 Arkitekt ritningar.pdf,FTF,13,RAL 6011 NCS S 0500-N FTF20a 1 - - 38 dB
6.4.1 Arkitekt ritningar.pdf,FÖ,13,FÖRKLARINGAR ALLA MÅTT AVSER MODULMÅTT DÄR
6.4.1 Arkitekt ritningar.pdf,FÖ,13,PÅ PLATS INNAN TILLVERKNING SKER. FÖNSTER SES FRÅN GÅNGJÄRNSSIDAN. FÖNSTER LITTRERAS
6.4.1 Arkitekt ritningar.pdf,FÖ,13,SKER. FÖNSTER SES FRÅN GÅNGJÄRNSSIDAN. FÖNSTER LITTRERAS PÅ PLANER. BRÖSTNINGSHÖJD ENL.
6.4.1 Arkitekt ritningar.pdf,FÖ,13,Ö = ÖPPNINGSBAR DEL AV FÖNSTER F = FAST DEL AV
6.4.1 Arkitekt ritningar.pdf,FÖ,13,F = FAST DEL AV FÖNSTER FTÖxxy = FÖNSTER TRÄ ÖPPNINGSBART
6.4.1 Arkitekt ritningar.pdf,FÖ,13,DEL AV FÖNSTER FTÖxxy = FÖNSTER TRÄ ÖPPNINGSBART FTFxxy = FÖNSTER
6.4.1 Arkitekt ritningar.pdf,FÖ,13,FÖNSTER TRÄ ÖPPNINGSBART FTFxxy = FÖNSTER TRÄ FAST FÖRESKRIFTER 4. SORT/TYP
6.4.1 Arkitekt ritningar.pdf,FÖ,13,FTFxxy = FÖNSTER TRÄ FAST FÖRESKRIFTER 4. SORT/TYP UTFÖRS SOM ALUMINIUMKLÄDDA
6.4.1 Arkitekt ritningar.pdf,FÖ,13,"TRÄ FAST FÖRESKRIFTER 4. SORT/TYP UTFÖRS SOM ALUMINIUMKLÄDDA TRÄFÖNSTER, FASTA/ÖPPNINGSBARA. ÖPPNINGSBARA"
6.4.1 Arkitekt ritningar.pdf,FÖ,13,"4. SORT/TYP UTFÖRS SOM ALUMINIUMKLÄDDA TRÄFÖNSTER, FASTA/ÖPPNINGSBARA. ÖPPNINGSBARA FÖNSTER SKA UTFÖRAS"
6.4.1 Arkitekt ritningar.pdf,FÖ,13,"SOM ALUMINIUMKLÄDDA TRÄFÖNSTER, FASTA/ÖPPNINGSBARA. ÖPPNINGSBARA FÖNSTER SKA UTFÖRAS PIVOTHÄNGDA. 5. MÅTT,"
6.4.1 Arkitekt ritningar.pdf,FÖ,13,"TRÄFÖNSTER, FASTA/ÖPPNINGSBARA. ÖPPNINGSBARA FÖNSTER SKA UTFÖRAS PIVOTHÄNGDA. 5. MÅTT, BREDD, HÖJD"
6.4.1 Arkitekt ritningar.pdf,FÖ,13,UPPGIFTER GÄLLER BRANDSKYDDSDOKUMENTATION OCH LJUDKRAVSRITNING FÖRE DENNA HANDLING. LJUDREDUKTION AVSER Rw(dB).
6.4.1 Arkitekt ritningar.pdf,FÖ,13,ENLIGT BBR BETRÄFFANDE PERSONSÄKERHET SAMT STADSFASTIGHETSFÖRVALTNINGENS TEKNISKA ANVISNINGAR OCH MTK GLASSÄKRA
6.4.1 Arkitekt ritningar.pdf,FÖ,13,GLASSÄKRA MILJÖER - SKOLOR OCH FÖRSKOLOR. HÄNVISNINGAR BRANDSKYDDSDOKUMENTATION ENL. BRAND LJUDKRAVSRITNING
6.4.1 Arkitekt ritningar.pdf,FÖ,13,PROJEKTNUMMER ADRESS DIARIENUMMER FASTIGHET DISCIPLIN FÖRETAG UPPDRAGSNUMMER SKAPAD AV TELEFON KONTAKTPERSON
6.4.1 Arkitekt ritningar.pdf,FÖ,13,A1 42 - YTTERVÄGG UTV. TRÄFÖNSTER GÖTEBORG KORTEDALA 90:3 SEMRÉN &
6.4.1 Arkitekt ritningar.pdf,FÖ,13,- UPPSTÄLLNINGAR 304051-A-42-4-A011 ANNANDAGSGATAN NY FÖRSKOLA FÖRFRÅGNINGSUNDERLAG GODKÄND 2023-12-20 M. BLOMQVIST
6.4.1 Arkitekt ritningar.pdf,FÖ,13,UPPSTÄLLNINGAR 304051-A-42-4-A011 ANNANDAGSGATAN NY FÖRSKOLA FÖRFRÅGNINGSUNDERLAG GODKÄND 2023-12-20 M. BLOMQVIST F2.0
6.4.1 Arkitekt ritningar.pdf,FÖ,14,FÖRKLARINGAR ALLA MÅTT AVSER MODULMÅTT DÄR
6.4.1 Arkitekt ritningar.pdf,FÖ,14,PÅ PLATS INNAN TILLVERKNING SKER. FÖNSTER SES FRÅN GÅNGJÄRNSSIDAN. FÖNSTER LITTRERAS
6.4.1 Arkitekt ritningar.pdf,FÖ,14,SKER. FÖNSTER SES FRÅN GÅNGJÄRNSSIDAN. FÖNSTER LITTRERAS PÅ PLANER. BRÖSTNINGSHÖJD ENL.
6.4.1 Arkitekt ritningar.pdf,FÖ,14,Ö = ÖPPNINGSBAR DEL AV FÖNSTER F = FAST DEL AV
6.4.1 Arkitekt ritningar.pdf,FÖ,14,F = FAST DEL AV FÖNSTER FAÖxxy = FÖNSTER ALUMINIUM ÖPPNINGSBART
6.4.1 Arkitekt ritningar.pdf,FÖ,14,DEL AV FÖNSTER FAÖxxy = FÖNSTER ALUMINIUM ÖPPNINGSBART FAFxxy = FÖNSTER
6.4.1 Arkitekt ritningar.pdf,FÖ,14,FÖNSTER ALUMINIUM ÖPPNINGSBART FAFxxy = FÖNSTER ALUMINIUM FAST FÖRESKRIFTER 4. SORT/TYP
6.4.1 Arkitekt ritningar.pdf,FÖ,14,"FAFxxy = FÖNSTER ALUMINIUM FAST FÖRESKRIFTER 4. SORT/TYP UTFÖRS SOM ALUMINIUMFÖNSTER,"
6.4.1 Arkitekt ritningar.pdf,FÖ,14,"ALUMINIUM FAST FÖRESKRIFTER 4. SORT/TYP UTFÖRS SOM ALUMINIUMFÖNSTER, FASTA/ÖPPNINGSBARA ÖPPNINGSBARA FÖNSTER"
6.4.1 Arkitekt ritningar.pdf,FÖ,14,"FÖRESKRIFTER 4. SORT/TYP UTFÖRS SOM ALUMINIUMFÖNSTER, FASTA/ÖPPNINGSBARA ÖPPNINGSBARA FÖNSTER SKA UTFÖRAS"
6.4.1 Arkitekt ritningar.pdf,FÖ,14,"UTFÖRS SOM ALUMINIUMFÖNSTER, FASTA/ÖPPNINGSBARA ÖPPNINGSBARA FÖNSTER SKA UTFÖRAS PIVOTHÄNGDA. 5. MÅTT,"
6.4.1 Arkitekt ritningar.pdf,FÖ,14,"ALUMINIUMFÖNSTER, FASTA/ÖPPNINGSBARA ÖPPNINGSBARA FÖNSTER SKA UTFÖRAS PIVOTHÄNGDA. 5. MÅTT, BREDD, HÖJD"
6.4.1 Arkitekt ritningar.pdf,FÖ,14,UPPGIFTER GÄLLER BRANDSKYDDSDOKUMENTATION OCH LJUDKRAVSRITNING FÖRE DENNA HANDLING. LJUDREDUKTION AVSER Rw(dB).
6.4.1 Arkitekt ritningar.pdf,FÖ,14,ENLIGT BBR BETRÄFFANDE PERSONSÄKERHET SAMT STADSFASTIGHETSFÖRVALTNINGENS TEKNISKA ANVISNINGAR OCH MTK GLASSÄKRA
6.4.1 Arkitekt ritningar.pdf,FÖ,14,GLASSÄKRA MILJÖER - SKOLOR OCH FÖRSKOLOR. HÄNVISNINGAR BRANDSKYDDSDOKUMENTATION ENL. BRAND LJUDKRAVSRITNING
6.4.1 Arkitekt ritningar.pdf,FÖ,14,PROJEKTNUMMER ADRESS DIARIENUMMER FASTIGHET DISCIPLIN FÖRETAG UPPDRAGSNUMMER SKAPAD AV TELEFON KONTAKTPERSON
6.4.1 Arkitekt ritningar.pdf,FÖ,14,A1 42 - YTTERVÄGG UTV. ALUMINIUMFÖNSTER GÖTEBORG KORTEDALA 90:3 SEMRÉN &
6.4.1 Arkitekt ritningar.pdf,FÖ,14,- UPPSTÄLLNINGAR 304051-A-42-4-A021 ANNANDAGSGATAN NY FÖRSKOLA FÖRFRÅGNINGSUNDERLAG GODKÄND 2023-12-20 M. BLOMQVIST
6.4.1 Arkitekt ritningar.pdf,FÖ,14,UPPSTÄLLNINGAR 304051-A-42-4-A021 ANNANDAGSGATAN NY FÖRSKOLA FÖRFRÅGNINGSUNDERLAG GODKÄND 2023-12-20 M. BLOMQVIST F2.0
6.4.1 Arkitekt ritningar.pdf,FÖ,15,FÖRKLARINGAR ALLA MÅTT AVSER MODULMÅTT DÄR
6.4.1 Arkitekt ritningar.pdf,FÖ,15,BYGGHANDLINGSPROJEKTERING. YMPxxy = UTVÄNDIGT METALLPARTI FÖRESKRIFTER HÄNVISNINGAR BRANDSKYDDSDOKUMENTATION ENL. BRAND LJUDKRAVSRITNING
6.4.1 Arkitekt ritningar.pdf,FÖ,15,DÖRRAR MED BREDD 10M SKA UTFÖRAS MED FRITT PASSAGEMÅTT 840 mm
6.4.1 Arkitekt ritningar.pdf,FÖ,15,UPPGIFTER GÄLLER BRANDSKYDDSDOKUMENTATION OCH LJUDKRAVSRITNING FÖRE DENNA HANDLING. LJUDREDUKTION AVSER Rw(dB).
6.4.1 Arkitekt ritningar.pdf,FÖ,15,STANDARD. KULÖR ENLIGT TABELL. DÖRRKARM UTFÖRS I SAMMA KULÖR SOM DÖRRBLAD.
6.4.1 Arkitekt ritningar.pdf,FÖ,15,ENLIGT BBR BETRÄFFANDE PERSONSÄKERHET SAMT STADSFASTIGHETSFÖRVALTNINGENS TEKNISKA ANVISNINGAR OCH MTK GLASSÄKRA
6.4.1 Arkitekt ritningar.pdf,FÖ,15,GLASSÄKRA MILJÖER - SKOLOR OCH FÖRSKOLOR. F.G F.G 25M 17M 7M
6.4.1 Arkitekt ritningar.pdf,FÖ,15,V INNE UTE INNE UTE FÖREKOMMER SPEGELVÄND YMP17x26a YMP10 AVSER PARTI
6.4.1 Arkitekt ritningar.pdf,FÖ,15,PROJEKTNUMMER ADRESS DIARIENUMMER FASTIGHET DISCIPLIN FÖRETAG UPPDRAGSNUMMER SKAPAD AV TELEFON KONTAKTPERSON
6.4.1 Arkitekt ritningar.pdf,FÖ,15,- UPPSTÄLLNINGAR 304051-A-42-4-A041 ANNANDAGSGATAN NY FÖRSKOLA FÖRFRÅGNINGSUNDERLAG GODKÄND 2023-12-20 M. BLOMQVIST
6.4.1 Arkitekt ritningar.pdf,FÖ,15,UPPSTÄLLNINGAR 304051-A-42-4-A041 ANNANDAGSGATAN NY FÖRSKOLA FÖRFRÅGNINGSUNDERLAG GODKÄND 2023-12-20 M. BLOMQVIST D2.0
6.4.1 Arkitekt ritningar.pdf,FÖ,16,FÖRKLARINGAR ALLA MÅTT AVSER MODULMÅTT DÄR
6.4.1 Arkitekt ritningar.pdf,FÖ,16,DÖRRBLAD P = PASSIVT DÖRRBLAD FÖRESKRIFTER HÄNVISNINGAR BRANDSKYDDSDOKUMENTATION ENL. BRAND LJUDKRAVSRITNING
6.4.1 Arkitekt ritningar.pdf,FÖ,16,DÖRRAR MED BREDD 10M SKA UTFÖRAS MED FRITT PASSAGEMÅTT 840 mm
6.4.1 Arkitekt ritningar.pdf,FÖ,16,UPPGIFTER GÄLLER BRANDSKYDDSDOKUMENTATION OCH LJUDKRAVSRITNING FÖRE DENNA HANDLING. LJUDREDUKTION AVSER Rw(dB).
6.4.1 Arkitekt ritningar.pdf,FÖ,16,BÅDE AKTIVT OCH PASSIVT DÖRRBLAD FÖRSES MED SPANJOLETT NER I MARK.
6.4.1 Arkitekt ritningar.pdf,FÖ,16,MARK. 15. ANMÄRKNING GRINDAR SKA UTFÖRAS EJ KLÄTTNINGSBARA. 19M 12M a
6.4.1 Arkitekt ritningar.pdf,FÖ,16,PROJEKTNUMMER ADRESS DIARIENUMMER FASTIGHET DISCIPLIN FÖRETAG UPPDRAGSNUMMER SKAPAD AV TELEFON KONTAKTPERSON
6.4.1 Arkitekt ritningar.pdf,FÖ,16,- UPPSTÄLLNINGAR 304051-A-42-4-A042 ANNANDAGSGATAN NY FÖRSKOLA FÖRFRÅGNINGSUNDERLAG GODKÄND 2023-12-20 M. BLOMQVIST
6.4.1 Arkitekt ritningar.pdf,FÖ,16,UPPSTÄLLNINGAR 304051-A-42-4-A042 ANNANDAGSGATAN NY FÖRSKOLA FÖRFRÅGNINGSUNDERLAG GODKÄND 2023-12-20 M. BLOMQVIST DUBBELGRIND
6.4.1 Arkitekt ritningar.pdf,FÖ,16,2023-12-20 M. BLOMQVIST DUBBELGRIND TILL BARNVAGNSFÖRRÅD ANTAL: 3 STYCKEN GRIND TILL
6.4.1 Arkitekt ritningar.pdf,FÖ,16,ANTAL: 1 STYCKEN GRIND TILL FÖRRÅD UNDER TRAPPA ANTAL: 1 STYCKEN
6.4.1 Arkitekt ritningar.pdf,FÖ,17,FÖRKLARINGAR ALLA MÅTT AVSER MODULMÅTT DÄR
6.4.1 Arkitekt ritningar.pdf,FÖ,17,"YDSGxxy = UTVÄNDIG STÅLDÖRR, GLASAD FÖRESKRIFTER HÄNVISNINGAR BRANDSKYDDSDOKUMENTATION ENL. BRAND LJUDKRAVSRITNING"
6.4.1 Arkitekt ritningar.pdf,FÖ,17,DÖRRAR MED BREDD 10M SKA UTFÖRAS MED FRITT PASSAGEMÅTT 840 mm
6.4.1 Arkitekt ritningar.pdf,FÖ,17,UPPGIFTER GÄLLER BRANDSKYDDSDOKUMENTATION OCH LJUDKRAVSRITNING FÖRE DENNA HANDLING. LJUDREDUKTION AVSER Rw(dB).
6.4.1 Arkitekt ritningar.pdf,FÖ,17,ENLIGT BBR BETRÄFFANDE PERSONSÄKERHET SAMT STADSFASTIGHETSFÖRVALTNINGENS TEKNISKA ANVISNINGAR OCH MTK GLASSÄKRA
6.4.1 Arkitekt ritningar.pdf,FÖ,17,GLASSÄKRA MILJÖER - SKOLOR OCH FÖRSKOLOR. 10M 21M F.G 12M 21M
6.4.1 Arkitekt ritningar.pdf,FÖ,17,PROJEKTNUMMER ADRESS DIARIENUMMER FASTIGHET DISCIPLIN FÖRETAG UPPDRAGSNUMMER SKAPAD AV TELEFON KONTAKTPERSON
6.4.1 Arkitekt ritningar.pdf,FÖ,17,- UPPSTÄLLNINGAR 304051-A-42-4-A061 ANNANDAGSGATAN NY FÖRSKOLA FÖRFRÅGNINGSUNDERLAG GODKÄND 2023-12-20 M. BLOMQVIST
6.4.1 Arkitekt ritningar.pdf,FÖ,17,UPPSTÄLLNINGAR 304051-A-42-4-A061 ANNANDAGSGATAN NY FÖRSKOLA FÖRFRÅGNINGSUNDERLAG GODKÄND 2023-12-20 M. BLOMQVIST D2.0
6.4.1 Arkitekt ritningar.pdf,FÖ,18,FÖRKLARINGAR ALLA MÅTT ANGES I MILLIMETER
6.4.1 Arkitekt ritningar.pdf,FÖ,18,UNDERKANT UNDERTAK FRÅN FÄRDIGT GOLV FÖRESKRIFTER UT1 DEMONTERBART SYSTEMUNDERTAK TYP 'ECOPHON
6.4.1 Arkitekt ritningar.pdf,FÖ,18,NCS S 0500-N. ENTREPRENÖR ANSVARAR FÖR ATT UNDER BYGGHANDLINGSPROJEKTERINGEN SÄKERSTÄLLA ATT
6.4.1 Arkitekt ritningar.pdf,FÖ,18,UNDER BYGGHANDLINGSPROJEKTERINGEN SÄKERSTÄLLA ATT OVAN FÖRESKRIVNA UNDERTAK UPPFYLLER DE FUNKTIONSKRAV SOM
6.4.1 Arkitekt ritningar.pdf,FÖ,18,Städ UT1 2 700 A109 Förråd A108 Kylrum A107 Frysrum A104
6.4.1 Arkitekt ritningar.pdf,FÖ,18,PROJEKTNUMMER ADRESS DIARIENUMMER FASTIGHET DISCIPLIN FÖRETAG UPPDRAGSNUMMER SKAPAD AV TELEFON KONTAKTPERSON
6.4.1 Arkitekt ritningar.pdf,FÖ,18,- UNDERTAK 304051-A-43-1-A100 ANNANDAGSGATAN NY FÖRSKOLA FÖRFRÅGNINGSUNDERLAG GODKÄND 2023-12-20 M. BLOMQVIST
6.4.1 Arkitekt ritningar.pdf,FÖ,18,UNDERTAK 304051-A-43-1-A100 ANNANDAGSGATAN NY FÖRSKOLA FÖRFRÅGNINGSUNDERLAG GODKÄND 2023-12-20 M. BLOMQVIST
6.4.1 Arkitekt ritningar.pdf,FÖ,19,FÖRKLARINGAR SE RITNING 304051-A-43-1-A100 FÖRESKRIFTER SE
6.4.1 Arkitekt ritningar.pdf,FÖ,19,FÖRKLARINGAR SE RITNING 304051-A-43-1-A100 FÖRESKRIFTER SE RITNING 304051-A-43-1-A100 HÄNVISNINGAR SE
6.4.1 Arkitekt ritningar.pdf,FÖ,19,A204 Kontor A200 Korridor A202 Förråd A203 Städ och tvätt A208
6.4.1 Arkitekt ritningar.pdf,FÖ,19,700 A212 KÖK FRD A201 Förråd UT1 2 700 UT1 2
6.4.1 Arkitekt ritningar.pdf,FÖ,19,FRD FRD TAK OVAN TRAPPA FÖRSES MED UNDERTAK AV TYP UT1
6.4.1 Arkitekt ritningar.pdf,FÖ,19,PROJEKTNUMMER ADRESS DIARIENUMMER FASTIGHET DISCIPLIN FÖRETAG UPPDRAGSNUMMER SKAPAD AV TELEFON KONTAKTPERSON
6.4.1 Arkitekt ritningar.pdf,FÖ,19,- UNDERTAK 304051-A-43-1-A200 ANNANDAGSGATAN NY FÖRSKOLA FÖRFRÅGNINGSUNDERLAG GODKÄND 2023-12-20 M. BLOMQVIST
6.4.1 Arkitekt ritningar.pdf,FÖ,19,UNDERTAK 304051-A-43-1-A200 ANNANDAGSGATAN NY FÖRSKOLA FÖRFRÅGNINGSUNDERLAG GODKÄND 2023-12-20 M. BLOMQVIST
6.4.1 Arkitekt ritningar.pdf,FÖ,20,FÖRKLARINGAR ALLA MÅTT AVSER MODULMÅTT DÄR
6.4.1 Arkitekt ritningar.pdf,FÖ,20,SKJxxy = SKJUTDÖRR AV TRÄ FÖRESKRIFTER HÄNVISNINGAR BRANDSKYDDSDOKUMENTATION ENL. BRAND LJUDKRAVSRITNING
6.4.1 Arkitekt ritningar.pdf,FÖ,20,DÖRRAR MED BREDD 10M SKA UTFÖRAS MED FRITT PASSAGEMÅTT 840 mm
6.4.1 Arkitekt ritningar.pdf,FÖ,20,UPPGIFTER GÄLLER BRANDSKYDDSDOKUMENTATION OCH LJUDKRAVSRITNING FÖRE DENNA HANDLING. LJUDREDUKTION AVSER Rw(dB).
6.4.1 Arkitekt ritningar.pdf,FÖ,20,STANDARD. KULÖR ENLIGT TABELL. DÖRRKARM UTFÖRS I SAMMA KULÖR SOM DÖRRBLAD.
6.4.1 Arkitekt ritningar.pdf,FÖ,20,ENLIGT BBR BETRÄFFANDE PERSONSÄKERHET SAMT STADSFASTIGHETSFÖRVALTNINGENS TEKNISKA ANVISNINGAR OCH MTK GLASSÄKRA
6.4.1 Arkitekt ritningar.pdf,FÖ,20,GLASSÄKRA MILJÖER - SKOLOR OCH FÖRSKOLOR. 8M 10M 10M 10M 21M
6.4.1 Arkitekt ritningar.pdf,FÖ,20,V H V H V FÖREKOMMER ÄVEN HÖGER DTG14 H PDT09
6.4.1 Arkitekt ritningar.pdf,FÖ,20,PROJEKTNUMMER ADRESS DIARIENUMMER FASTIGHET DISCIPLIN FÖRETAG UPPDRAGSNUMMER SKAPAD AV TELEFON KONTAKTPERSON
6.4.1 Arkitekt ritningar.pdf,FÖ,20,- UPPSTÄLLNINGAR 304051-A-43-4-A011 ANNANDAGSGATAN NY FÖRSKOLA FÖRFRÅGNINGSUNDERLAG GODKÄND 2023-12-20 M. BLOMQVIST
6.4.1 Arkitekt ritningar.pdf,FÖ,20,UPPSTÄLLNINGAR 304051-A-43-4-A011 ANNANDAGSGATAN NY FÖRSKOLA FÖRFRÅGNINGSUNDERLAG GODKÄND 2023-12-20 M. BLOMQVIST D2.0
6.4.1 Arkitekt ritningar.pdf,FÖ,21,FÖRKLARINGAR ALLA MÅTT AVSER MODULMÅTT DÄR
6.4.1 Arkitekt ritningar.pdf,FÖ,21,DSxxy = DÖRR AV STÅL FÖRESKRIFTER HÄNVISNINGAR BRANDSKYDDSDOKUMENTATION ENL. BRAND LJUDKRAVSRITNING
6.4.1 Arkitekt ritningar.pdf,FÖ,21,DÖRRAR MED BREDD 10M SKA UTFÖRAS MED FRITT PASSAGEMÅTT 840 mm
6.4.1 Arkitekt ritningar.pdf,FÖ,21,UPPGIFTER GÄLLER BRANDSKYDDSDOKUMENTATION OCH LJUDKRAVSRITNING FÖRE DENNA HANDLING. LJUDREDUKTION AVSER Rw(dB).
6.4.1 Arkitekt ritningar.pdf,FÖ,21,PROJEKTNUMMER ADRESS DIARIENUMMER FASTIGHET DISCIPLIN FÖRETAG UPPDRAGSNUMMER SKAPAD AV TELEFON KONTAKTPERSON
6.4.1 Arkitekt ritningar.pdf,FÖ,21,- UPPSTÄLLNINGAR 304051-A-43-4-A021 ANNANDAGSGATAN NY FÖRSKOLA FÖRFRÅGNINGSUNDERLAG GODKÄND 2023-12-20 M. BLOMQVIST
6.4.1 Arkitekt ritningar.pdf,FÖ,21,UPPSTÄLLNINGAR 304051-A-43-4-A021 ANNANDAGSGATAN NY FÖRSKOLA FÖRFRÅGNINGSUNDERLAG GODKÄND 2023-12-20 M. BLOMQVIST D2.0
6.4.1 Arkitekt ritningar.pdf,FÖ,22,FÖRKLARINGAR ALLA MÅTT AVSER MODULMÅTT DÄR
6.4.1 Arkitekt ritningar.pdf,FÖ,22,GLASAD PDHxxy = PARDÖRR HYGIEN FÖRESKRIFTER HÄNVISNINGAR BRANDSKYDDSDOKUMENTATION ENL. BRAND LJUDKRAVSRITNING
6.4.1 Arkitekt ritningar.pdf,FÖ,22,DÖRRAR MED BREDD 10M SKA UTFÖRAS MED FRITT PASSAGEMÅTT 840 mm
6.4.1 Arkitekt ritningar.pdf,FÖ,22,UPPGIFTER GÄLLER BRANDSKYDDSDOKUMENTATION OCH LJUDKRAVSRITNING FÖRE DENNA HANDLING. LJUDREDUKTION AVSER Rw(dB).
6.4.1 Arkitekt ritningar.pdf,FÖ,22,ENLIGT BBR BETRÄFFANDE PERSONSÄKERHET SAMT STADSFASTIGHETSFÖRVALTNINGENS TEKNISKA ANVISNINGAR OCH MTK GLASSÄKRA
6.4.1 Arkitekt ritningar.pdf,FÖ,22,"GLASSÄKRA MILJÖER - SKOLOR OCH FÖRSKOLOR. 13. KARM; TYP, KARMDJUP, MATERIAL"
6.4.1 Arkitekt ritningar.pdf,FÖ,22,a a 150 ELNISCH DÖRR UTFÖRS MED SOCKEL 150MM HÖG DH09
6.4.1 Arkitekt ritningar.pdf,FÖ,22,PROJEKTNUMMER ADRESS DIARIENUMMER FASTIGHET DISCIPLIN FÖRETAG UPPDRAGSNUMMER SKAPAD AV TELEFON KONTAKTPERSON
6.4.1 Arkitekt ritningar.pdf,FÖ,22,- UPPSTÄLLNINGAR 304051-A-43-4-A031 ANNANDAGSGATAN NY FÖRSKOLA FÖRFRÅGNINGSUNDERLAG GODKÄND 2023-12-20 M. BLOMQVIST
6.4.1 Arkitekt ritningar.pdf,FÖ,22,UPPSTÄLLNINGAR 304051-A-43-4-A031 ANNANDAGSGATAN NY FÖRSKOLA FÖRFRÅGNINGSUNDERLAG GODKÄND 2023-12-20 M. BLOMQVIST D2.0
6.4.1 Arkitekt ritningar.pdf,FÖ,23,FÖRKLARINGAR ALLA MÅTT AVSER MODULMÅTT DÄR
6.4.1 Arkitekt ritningar.pdf,FÖ,23,BYGGHANDLINGSPROJEKTERING. MPxxy = INVÄNDIGT METALLPARTI FÖRESKRIFTER HÄNVISNINGAR BRANDSKYDDSDOKUMENTATION ENL. BRAND LJUDKRAVSRITNING
6.4.1 Arkitekt ritningar.pdf,FÖ,23,DÖRRAR MED BREDD 10M SKA UTFÖRAS MED FRITT PASSAGEMÅTT 840 mm
6.4.1 Arkitekt ritningar.pdf,FÖ,23,UPPGIFTER GÄLLER BRANDSKYDDSDOKUMENTATION OCH LJUDKRAVSRITNING FÖRE DENNA HANDLING. LJUDREDUKTION AVSER Rw(dB).
6.4.1 Arkitekt ritningar.pdf,FÖ,23,STANDARD. KULÖR ENLIGT TABELL. DÖRRKARM UTFÖRS I SAMMA KULÖR SOM DÖRRBLAD.
6.4.1 Arkitekt ritningar.pdf,FÖ,23,ENLIGT BBR BETRÄFFANDE PERSONSÄKERHET SAMT STADSFASTIGHETSFÖRVALTNINGENS TEKNISKA ANVISNINGAR OCH MTK GLASSÄKRA
6.4.1 Arkitekt ritningar.pdf,FÖ,23,GLASSÄKRA MILJÖER - SKOLOR OCH FÖRSKOLOR. MP17 V F.G 26M 17M
6.4.1 Arkitekt ritningar.pdf,FÖ,23,PROJEKTNUMMER ADRESS DIARIENUMMER FASTIGHET DISCIPLIN FÖRETAG UPPDRAGSNUMMER SKAPAD AV TELEFON KONTAKTPERSON
6.4.1 Arkitekt ritningar.pdf,FÖ,23,- UPPSTÄLLNINGAR 304051-A-43-4-A041 ANNANDAGSGATAN NY FÖRSKOLA FÖRFRÅGNINGSUNDERLAG GODKÄND 2023-12-20 M. BLOMQVIST
6.4.1 Arkitekt ritningar.pdf,FÖ,23,UPPSTÄLLNINGAR 304051-A-43-4-A041 ANNANDAGSGATAN NY FÖRSKOLA FÖRFRÅGNINGSUNDERLAG GODKÄND 2023-12-20 M. BLOMQVIST D2.0
6.4.1 Arkitekt ritningar.pdf,FÖ,24,"FÖRKLARINGAR MÅLAT KAKEL AKUSTIKPANEL MÅLAT, AVTORKNINGSBAR"
6.4.1 Arkitekt ritningar.pdf,FÖ,24,= LINOLEUMMATTA Pl = PLASTMATTA FÖRESKRIFTER - HÄNVISNINGAR TEKNISK BESKRIVNING (304051-A-TBH)
6.4.1 Arkitekt ritningar.pdf,FÖ,24,A122 Städ G: Pl A109 Förråd G: Kl A108 Kylrum G:
6.4.1 Arkitekt ritningar.pdf,FÖ,24,A139 ELC G: Pl A123 Förråd G: Li A157 WC G:
6.4.1 Arkitekt ritningar.pdf,FÖ,24,PROJEKTNUMMER ADRESS DIARIENUMMER FASTIGHET DISCIPLIN FÖRETAG UPPDRAGSNUMMER SKAPAD AV TELEFON KONTAKTPERSON
6.4.1 Arkitekt ritningar.pdf,FÖ,24,- YTSKIKTSPLAN 304051-A-44-1-A100 ANNANDAGSGATAN NY FÖRSKOLA FÖRFRÅGNINGSUNDERLAG GODKÄND 2023-12-20 M. BLOMQVIST
6.4.1 Arkitekt ritningar.pdf,FÖ,24,YTSKIKTSPLAN 304051-A-44-1-A100 ANNANDAGSGATAN NY FÖRSKOLA FÖRFRÅGNINGSUNDERLAG GODKÄND 2023-12-20 M. BLOMQVIST
6.4.1 Arkitekt ritningar.pdf,FÖ,25,FÖRKLARINGAR SE RITNING 304051-A-44-1-A100. FÖRESKRIFTER SE
6.4.1 Arkitekt ritningar.pdf,FÖ,25,FÖRKLARINGAR SE RITNING 304051-A-44-1-A100. FÖRESKRIFTER SE RITNING 304051-A-44-1-A100. HÄNVISNINGAR SE
6.4.1 Arkitekt ritningar.pdf,FÖ,25,A204 Kontor G: Li A202 Förråd G: Li A206 Pausrum G:
6.4.1 Arkitekt ritningar.pdf,FÖ,25,A205 Arbetsrum G: Li A201 Förråd G: Li A229 ELC G:
6.4.1 Arkitekt ritningar.pdf,FÖ,25,PROJEKTNUMMER ADRESS DIARIENUMMER FASTIGHET DISCIPLIN FÖRETAG UPPDRAGSNUMMER SKAPAD AV TELEFON KONTAKTPERSON
6.4.1 Arkitekt ritningar.pdf,FÖ,25,- YTSKIKTSPLAN 304051-A-44-1-A200 ANNANDAGSGATAN NY FÖRSKOLA FÖRFRÅGNINGSUNDERLAG GODKÄND 2023-12-20 M. BLOMQVIST
6.4.1 Arkitekt ritningar.pdf,FÖ,25,YTSKIKTSPLAN 304051-A-44-1-A200 ANNANDAGSGATAN NY FÖRSKOLA FÖRFRÅGNINGSUNDERLAG GODKÄND 2023-12-20 M. BLOMQVIST
6.4.1 Arkitekt ritningar.pdf,FÖ,26,FÖRKLARINGAR SE RITNING 304051-A-44-1-A100. FÖRESKRIFTER SE
6.4.1 Arkitekt ritningar.pdf,FÖ,26,FÖRKLARINGAR SE RITNING 304051-A-44-1-A100. FÖRESKRIFTER SE RITNING 304051-A-44-1-A100. HÄNVISNINGAR SE
6.4.1 Arkitekt ritningar.pdf,FÖ,26,PROJEKTNUMMER ADRESS DIARIENUMMER FASTIGHET DISCIPLIN FÖRETAG UPPDRAGSNUMMER SKAPAD AV TELEFON KONTAKTPERSON
6.4.1 Arkitekt ritningar.pdf,FÖ,26,- YTSKIKTSPLAN 304051-A-44-1-A300 ANNANDAGSGATAN NY FÖRSKOLA FÖRFRÅGNINGSUNDERLAG GODKÄND 2023-12-20 M. BLOMQVIST
6.4.1 Arkitekt ritningar.pdf,FÖ,26,YTSKIKTSPLAN 304051-A-44-1-A300 ANNANDAGSGATAN NY FÖRSKOLA FÖRFRÅGNINGSUNDERLAG GODKÄND 2023-12-20 M. BLOMQVIST
6.4.1 Arkitekt ritningar.pdf,FÖ,27,FÖRKLARINGAR FÖRESKRIFTER HÄNVISNINGAR FAST INREDNING GÄLLER
6.4.1 Arkitekt ritningar.pdf,FÖ,27,FÖRKLARINGAR FÖRESKRIFTER HÄNVISNINGAR FAST INREDNING GÄLLER ENL
6.4.1 Arkitekt ritningar.pdf,FÖ,27,TYPRUMSBESKRIVNING. AVVIKELSER I PRINCIPELEVATIONER KAN FÖREKOMMA. HÖJDER FÖR FAST INREDNING I
6.4.1 Arkitekt ritningar.pdf,FÖ,27,I PRINCIPELEVATIONER KAN FÖREKOMMA. HÖJDER FÖR FAST INREDNING I BARN-WC SKA
6.4.1 Arkitekt ritningar.pdf,FÖ,27,EXPONERADE/SYNLIGA DELAR AV STOMMAR SKA FÖRSES MED TÄCKSIDA LIKA LUCKOR. TEKNISK
6.4.1 Arkitekt ritningar.pdf,FÖ,27,YTSKIKT 304051-A-44-1-A100--304051-44-1-A300 ELEVATIONERNA BESKRIVER PRINCIPER FÖR FAST INREDNING. D A B
6.4.1 Arkitekt ritningar.pdf,FÖ,27,PROJEKTNUMMER ADRESS DIARIENUMMER FASTIGHET DISCIPLIN FÖRETAG UPPDRAGSNUMMER SKAPAD AV TELEFON KONTAKTPERSON
6.4.1 Arkitekt ritningar.pdf,FÖ,27,- RUMSKOMPLETTERING 304051-A-46-4-A011 ANNANDAGSGATAN NY FÖRSKOLA FÖRFRÅGNINGSUNDERLAG GODKÄND 2023-12-20 M. BLOMQVIST
6.4.1 Arkitekt ritningar.pdf,FÖ,27,RUMSKOMPLETTERING 304051-A-46-4-A011 ANNANDAGSGATAN NY FÖRSKOLA FÖRFRÅGNINGSUNDERLAG GODKÄND 2023-12-20 M. BLOMQVIST RWC/D
6.4.1 Arkitekt ritningar.pdf,FÖ,28,FÖRKLARINGAR FÖRESKRIFTER HÄNVISNINGAR FAST INREDNING GÄLLER
6.4.1 Arkitekt ritningar.pdf,FÖ,28,FÖRKLARINGAR FÖRESKRIFTER HÄNVISNINGAR FAST INREDNING GÄLLER ENL
6.4.1 Arkitekt ritningar.pdf,FÖ,28,TYPRUMSBESKRIVNING. AVVIKELSER I PRINCIPELEVATIONER KAN FÖREKOMMA. HÖJDER FÖR FAST INREDNING I
6.4.1 Arkitekt ritningar.pdf,FÖ,28,I PRINCIPELEVATIONER KAN FÖREKOMMA. HÖJDER FÖR FAST INREDNING I BARN-WC SKA
6.4.1 Arkitekt ritningar.pdf,FÖ,28,EXPONERADE/SYNLIGA DELAR AV STOMMAR SKA FÖRSES MED TÄCKSIDA LIKA LUCKOR. TEKNISK
6.4.1 Arkitekt ritningar.pdf,FÖ,28,YTSKIKT 304051-A-44-1-A100--304051-44-1-A300 ELEVATIONERNA BESKRIVER PRINCIPER FÖR FAST INREDNING. UK UNDERTAK F.G
6.4.1 Arkitekt ritningar.pdf,FÖ,28,UK UNDERTAK F.G KAPPRUMSINREDNING PLATS FÖR AT VÄGGÖPPNING VÄGGÖPPNING F.G UK
6.4.1 Arkitekt ritningar.pdf,FÖ,28,PROJEKTNUMMER ADRESS DIARIENUMMER FASTIGHET DISCIPLIN FÖRETAG UPPDRAGSNUMMER SKAPAD AV TELEFON KONTAKTPERSON
6.4.1 Arkitekt ritningar.pdf,FÖ,28,- RUMSKOMPLETTERING 304051-A-46-4-A031 ANNANDAGSGATAN NY FÖRSKOLA FÖRFRÅGNINGSUNDERLAG GODKÄND 2023-12-20 M. BLOMQVIST
6.4.1 Arkitekt ritningar.pdf,FÖ,28,RUMSKOMPLETTERING 304051-A-46-4-A031 ANNANDAGSGATAN NY FÖRSKOLA FÖRFRÅGNINGSUNDERLAG GODKÄND 2023-12-20 M. BLOMQVIST PRINCIPELEVATION
6.4.1 Arkitekt ritningar.pdf,FÖ,29,FÖRKLARINGAR FÖRESKRIFTER HÄNVISNINGAR FAST INREDNING GÄLLER
6.4.1 Arkitekt ritningar.pdf,FÖ,29,FÖRKLARINGAR FÖRESKRIFTER HÄNVISNINGAR FAST INREDNING GÄLLER ENL
6.4.1 Arkitekt ritningar.pdf,FÖ,29,TYPRUMSBESKRIVNING. AVVIKELSER I PRINCIPELEVATIONER KAN FÖREKOMMA. HÖJDER FÖR FAST INREDNING I
6.4.1 Arkitekt ritningar.pdf,FÖ,29,I PRINCIPELEVATIONER KAN FÖREKOMMA. HÖJDER FÖR FAST INREDNING I BARN-WC SKA
6.4.1 Arkitekt ritningar.pdf,FÖ,29,EXPONERADE/SYNLIGA DELAR AV STOMMAR SKA FÖRSES MED TÄCKSIDA LIKA LUCKOR. TEKNISK
6.4.1 Arkitekt ritningar.pdf,FÖ,29,YTSKIKT 304051-A-44-1-A100--304051-44-1-A300 ELEVATIONERNA BESKRIVER PRINCIPER FÖR FAST INREDNING. UK UNDERTAK TAKANSLUTNING
6.4.1 Arkitekt ritningar.pdf,FÖ,29,PROJEKTNUMMER ADRESS DIARIENUMMER FASTIGHET DISCIPLIN FÖRETAG UPPDRAGSNUMMER SKAPAD AV TELEFON KONTAKTPERSON
6.4.1 Arkitekt ritningar.pdf,FÖ,29,- RUMSKOMPLETTERING 304051-A-46-4-A041 ANNANDAGSGATAN NY FÖRSKOLA FÖRFRÅGNINGSUNDERLAG GODKÄND 2023-12-20 M. BLOMQVIST
6.4.1 Arkitekt ritningar.pdf,FÖ,29,RUMSKOMPLETTERING 304051-A-46-4-A041 ANNANDAGSGATAN NY FÖRSKOLA FÖRFRÅGNINGSUNDERLAG GODKÄND 2023-12-20 M. BLOMQVIST PRINCIPELEVATION
6.4.2 Mark ritningar.pdf,FÖ,1,304051-M-HANDLINGSFÖRTECKNING Företag Landskapsgruppen AB Projektnamn Projektnummer
6.4.2 Mark ritningar.pdf,FÖ,1,304051-M-HANDLINGSFÖRTECKNING Företag Landskapsgruppen AB Projektnamn Projektnummer Uppdragsnummer
6.4.2 Mark ritningar.pdf,FÖ,1,Projektnamn Projektnummer Uppdragsnummer Annandagsgatan Ny Förskola 19173 2303000 Status Handling Datum
6.4.2 Mark ritningar.pdf,FÖ,1,Ändring Godkänd av Sidnummer GODKÄND FÖRFRÅGNINGSUNDERLAG 2023-12-20 Petra Ekström 1/1 Dokumentnummer
6.4.2 Mark ritningar.pdf,FÖ,1,Ändring 304051-M-HANDLINGAR 304051-M-RB Rambeskrivning GODKÄND FÖRFRÅGNINGSUNDERLAG 2023-12-20 304051-M-10-1-0011 1:400(A3) Befintliga förhållanden
6.4.2 Mark ritningar.pdf,FÖ,1,FÖRFRÅGNINGSUNDERLAG 2023-12-20 304051-M-10-1-0011 1:400(A3) Befintliga förhållanden GODKÄND FÖRFRÅGNINGSUNDERLAG 2023-12-20 304051-M-31-1-0011 1:400(A3)
6.4.2 Mark ritningar.pdf,FÖ,1,304051-M-10-1-0011 1:400(A3) Befintliga förhållanden GODKÄND FÖRFRÅGNINGSUNDERLAG 2023-12-20 304051-M-31-1-0011 1:400(A3) Höjd- och
6.4.2 Mark ritningar.pdf,FÖ,1,1:400(A3) Höjd- och ytskiktsplan GODKÄND FÖRFRÅGNINGSUNDERLAG 2023-12-20 304051-M-32-1-0011 1:400(A3) Plantering- och
6.4.2 Mark ritningar.pdf,FÖ,1,"1:400(A3) Plantering- och utrustningsplan GODKÄND FÖRFRÅGNINGSUNDERLAG 2023-12-20 304051-M-30-5-0011 Förklaringar, träd, utrustning"
6.4.2 Mark ritningar.pdf,FÖ,1,"utrustningsplan GODKÄND FÖRFRÅGNINGSUNDERLAG 2023-12-20 304051-M-30-5-0011 Förklaringar, träd, utrustning mm. GODKÄND FÖRFRÅGNINGSUNDERLAG"
6.4.2 Mark ritningar.pdf,FÖ,1,"Förklaringar, träd, utrustning mm. GODKÄND FÖRFRÅGNINGSUNDERLAG 2023-12-20 304051-M-51-1-0011 1:400(A3) Dagvattenplan GODKÄND"
6.4.2 Mark ritningar.pdf,FÖ,1,2023-12-20 304051-M-51-1-0011 1:400(A3) Dagvattenplan GODKÄND FÖRFRÅGNINGSUNDERLAG 2023-12-20
6.4.2 Mark ritningar.pdf,FÖ,2,BYGGNADSVERK DELOMRÅDE GODKÄND AV DISCIPLIN FÖRETAG TELEFON KONTAKTPERSON UPPDRAGSNUMMER SKAPAD AV
6.4.2 Mark ritningar.pdf,FÖ,2,2000) VÅNINGSDEL OMRÅDE ANNANDAGSGATAN NY FÖRSKOLA KORTEDALA 90:3 N A B
6.4.2 Mark ritningar.pdf,FÖ,2,HUS A PLAN 1 BEFINTLIGA FÖRHÅLLANDEN 10-SAMMANSATT REDOVISNING PLAN 1:400 A3
6.4.2 Mark ritningar.pdf,FÖ,3,"träd, 00 = art, enligt trädförteckning Lövträd som bevaras Sandlådesarg av"
6.4.2 Mark ritningar.pdf,FÖ,3,"bevaras Sandlådesarg av trä Planteringsyta FÖRKLARINGAR FG 00,00 G1 GR1 FS1"
6.4.2 Mark ritningar.pdf,FÖ,3,YTSKIKT - ÖVERBYGGNADER A2 Gräns för markarbeten Ny markhöjd Fastighetsgräns Asfaltyta
6.4.2 Mark ritningar.pdf,FÖ,3,"i mm Ytskikt redovisad 1m utanför gällande läge K1 TR1 PRH-symbol,"
6.4.2 Mark ritningar.pdf,FÖ,3,"möter yttre, högre, staket ska Utförs enligt detalj, Bilaga 2 TKA"
6.4.2 Mark ritningar.pdf,FÖ,3,"2 TKA Mark och utemiljö Varmförzinkat flätverksstängsel, maskvidd 40x40mm Återbrukad kompisgunga"
6.4.2 Mark ritningar.pdf,FÖ,3,Bj 251209 vfz. eller likv. förankras i mark Tillgängligt. eller likv.
6.4.2 Mark ritningar.pdf,FÖ,3,i mark Tillgängligt. eller likv. förankras i mark eller likv. förankras
6.4.2 Mark ritningar.pdf,FÖ,3,"förankras i mark eller likv. förankras i mark med stabil överliggare,"
6.4.2 Mark ritningar.pdf,FÖ,3,2-5mm TT1 Trallyta Träslag ska följa miljöplan Fallskydd enl. KGR1 Konstgräsyta
6.4.2 Mark ritningar.pdf,FÖ,3,N21-17002. eller likv. Liggande stockar. förankrade i mark. synlig höjd: 10-20cm.
6.4.2 Mark ritningar.pdf,FÖ,3,från platsen. Se M-handling Befintliga förhållanden. Tillgängligt bakbord Tilgängligt bakbord i
6.4.2 Mark ritningar.pdf,FÖ,3,"borrade kontrastprickar, ljushetskontrast 0,40 NCS. Utförs med dubbla ledstänger på en"
6.4.2 Mark ritningar.pdf,FÖ,3,"stegnos. Ytmarkering av p-plats PRH. Utförs vid behov. Målad heldragen trafiklinje,"
6.4.2 Mark ritningar.pdf,FÖ,3,/ galler till stöveltvätt Skrapgaller utförs enligt ramberskrivning och TKA Mark
6.4.2 Mark ritningar.pdf,FÖ,3,kan återbrukas. Markerad i befintliga förhållanden. Träkubb Bd Träkubb av ek.
6.4.2 Mark ritningar.pdf,FÖ,3,5 . . högstam V5:B TRÄDFÖRTECKNING TRÄD . LIT LATIN VÄXTNAMN
6.4.2 Mark ritningar.pdf,FÖ,3,"skall i tillämpliga delar 'Kvalitetsregler för plantskoleväxter', 6:e upplagan, 2019 utgivna"
6.4.2 Mark ritningar.pdf,FÖ,3,av GRO (Gröna näringens riksorganisation) följas. *) Depåodlade - planteras träden
6.4.2 Mark ritningar.pdf,FÖ,3,planteras träden efter avmognad och före savstigning kan träd med klump
6.4.2 Mark ritningar.pdf,FÖ,3,planteringarna gäller. Extra viktigt att C/C-följs 1m närmast planteringens ytterkant. *)
6.4.2 Mark ritningar.pdf,FÖ,3,högstam V5:B air-pot 20 Ligger för bedömning i BVB. Stockbänkar Be
6.4.2 Mark ritningar.pdf,FÖ,3,BYGGNADSVERK DELOMRÅDE GODKÄND AV DISCIPLIN FÖRETAG TELEFON KONTAKTPERSON UPPDRAGSNUMMER SKAPAD AV
6.4.2 Mark ritningar.pdf,FÖ,3,2000) VÅNINGSDEL OMRÅDE ANNANDAGSGATAN NY FÖRSKOLA KORTEDALA 90:3 N A B
6.4.2 Mark ritningar.pdf,FÖ,3,"EKSTRÖM HUS A PLAN 1 FÖRKLARINGAR, TRÄD, UTRUSTNING MM 30-SAMMANSATT REDOVISNING"
6.4.2 Mark ritningar.pdf,FÖ,3,"TRÄD, UTRUSTNING MM 30-SAMMANSATT REDOVISNING FÖRKLARINGAR A3 304051-M-30-5-0011"
6.4.2 Mark ritningar.pdf,FÖ,4,A1 A1 A1 Utbredning Bef.trädkrona Förhöjd sockel Bef. trädkrona A2 P1
6.4.2 Mark ritningar.pdf,FÖ,4,BYGGNADSVERK DELOMRÅDE GODKÄND AV DISCIPLIN FÖRETAG TELEFON KONTAKTPERSON UPPDRAGSNUMMER SKAPAD AV
6.4.2 Mark ritningar.pdf,FÖ,4,2000) VÅNINGSDEL OMRÅDE ANNANDAGSGATAN NY FÖRSKOLA KORTEDALA 90:3 N A B
6.4.2 Mark ritningar.pdf,FÖ,4,12 00 Höjd: RH 2000 FÖRKLARINGAR VÄXTFÖRTECKNING SE RITNING: 304051-M-30-5-0011 UTRUSTNING
6.4.2 Mark ritningar.pdf,FÖ,4,00 Höjd: RH 2000 FÖRKLARINGAR VÄXTFÖRTECKNING SE RITNING: 304051-M-30-5-0011 UTRUSTNING &
6.4.3 Konstruktion ritningar.pdf,FÖ,1,www.vbk.se Org.nr: 556608-6103 Medlem i Innovationsföretagen Kvalitets- och miljöcertifierade enligt ISO
6.4.3 Konstruktion ritningar.pdf,FÖ,1,REV. DATUM Ansvarig: Ritningar i förteckningen godkända Datum: 2023-12-20 10:57:46 C:\Users\daniel.druve\Documents\304051-K-00-V-000_daniel.druve.rvt
6.4.3 Konstruktion ritningar.pdf,FÖ,1,C:\Users\daniel.druve\Documents\304051-K-00-V-000_daniel.druve.rvt ANNANDAGSGATAN NY FSK 19173 HANDLINGSFÖRTECKNING Nybyggnation av förskola FÖRFRÅGNINGSUNDERLAG (1)
6.4.3 Konstruktion ritningar.pdf,FÖ,1,"FSK 19173 HANDLINGSFÖRTECKNING Nybyggnation av förskola FÖRFRÅGNINGSUNDERLAG (1) 1 GÖTEBORGS STAD,"
6.4.3 Konstruktion ritningar.pdf,FÖ,1,"19173 HANDLINGSFÖRTECKNING Nybyggnation av förskola FÖRFRÅGNINGSUNDERLAG (1) 1 GÖTEBORGS STAD, STADSFASTIGHETS-"
6.4.3 Konstruktion ritningar.pdf,FÖ,1,"(1) 1 GÖTEBORGS STAD, STADSFASTIGHETS- FÖRVALTNINGEN Daniel Druve 2023-12-20 Fredrik Gelander"
6.4.3 Konstruktion ritningar.pdf,FÖ,2,PROJEKTNUMMER ADRESS DIARIENUMMER FASTIGHET DISCIPLIN FÖRETAG UPPDRAGSNUMMER SKAPAD AV TELEFON KONTAKTPERSON
6.4.3 Konstruktion ritningar.pdf,FÖ,2,DRUVE FREDRIK GELANDER - - FÖRTECKNINGAR 304051-K-01-5-A001 ANNANDAGSGATAN NY FSK FÖRFRÅGNINGSUNDERLAG
6.4.3 Konstruktion ritningar.pdf,FÖ,2,FÖRTECKNINGAR 304051-K-01-5-A001 ANNANDAGSGATAN NY FSK FÖRFRÅGNINGSUNDERLAG GODKÄND 2023-12-20 F.GELANDER BJÄLKLAG LITTERA
6.4.3 Konstruktion ritningar.pdf,FÖ,3,RUNT BYGGNAD GD04 304051-K-15-6-A001 10362 FÖRKLARINGAR HÄNVISNINGAR SE RITN. 304051-K-01-5-A001 FÖR
6.4.3 Konstruktion ritningar.pdf,FÖ,3,FÖRKLARINGAR HÄNVISNINGAR SE RITN. 304051-K-01-5-A001 FÖR LITTERA BYGGDELAR DÖRRAR OCH FÖNSTER
6.4.3 Konstruktion ritningar.pdf,FÖ,3,FÖR LITTERA BYGGDELAR DÖRRAR OCH FÖNSTER ENL. A-HANDLING. (ÖPPNINGAR I VÄGGAR
6.4.3 Konstruktion ritningar.pdf,FÖ,3,PROJEKTNUMMER ADRESS DIARIENUMMER FASTIGHET DISCIPLIN FÖRETAG UPPDRAGSNUMMER SKAPAD AV TELEFON KONTAKTPERSON
6.4.3 Konstruktion ritningar.pdf,FÖ,3,PLANER 304051-K-15-1-A001 ANNANDAGSGATAN NY FSK FÖRFRÅGNINGSUNDERLAG GODKÄND 2023-12-20 F.GELANDER FÖRSTÄRKNINGSÅTGÄRDER GRUND
6.4.3 Konstruktion ritningar.pdf,FÖ,3,FSK FÖRFRÅGNINGSUNDERLAG GODKÄND 2023-12-20 F.GELANDER FÖRSTÄRKNINGSÅTGÄRDER GRUND TVÅ FOAMGLAS TAS UT
6.4.3 Konstruktion ritningar.pdf,FÖ,3,1 : 100 KOLJERNPLATTA SKA UTFÖRAS MED SKILJEKONSTRUKTION ENL. AKUSTIK.
6.4.3 Konstruktion ritningar.pdf,FÖ,4,PLAN 1 +84.650 FÖRMODAD BERGNIVÅ PORDRÄN/SOCKELELEMENT ANPASSAS EFTER F.M.
6.4.3 Konstruktion ritningar.pdf,FÖ,4,EFTER F.M. GM03 YVB02 URSPARNING FÖR KYL-OCH FRYSRUM GEOTEXTIL 2x100 PORDRÄN
6.4.3 Konstruktion ritningar.pdf,FÖ,4,ENL. FASADER I A-HANDLING SOCKELELEMENT FIBERFÖRSTÄRKT CEMENT-/BETONGSKIVA MIN. 10mm FÄRDIG MARKNIVÅ
6.4.3 Konstruktion ritningar.pdf,FÖ,4,DRÄNRÖR GP05 GP02 NY BERGNIVÅ FÖRKLARINGAR HÄNVISNINGAR SE RITN. 304051-K-01-5-A001 FÖR
6.4.3 Konstruktion ritningar.pdf,FÖ,4,FÖRKLARINGAR HÄNVISNINGAR SE RITN. 304051-K-01-5-A001 FÖR LITTERA BYGGDELAR DÖRRAR OCH FÖNSTER
6.4.3 Konstruktion ritningar.pdf,FÖ,4,FÖR LITTERA BYGGDELAR DÖRRAR OCH FÖNSTER ENL. A-HANDLING. (ÖPPNINGAR I VÄGGAR
6.4.3 Konstruktion ritningar.pdf,FÖ,4,"+84.650 URSPARNING I KOLJERNSOCKEL LOKALT FÖR PELARE, KOMPLETTERAS/FYLLS UPP MED FOAMGLAS"
6.4.3 Konstruktion ritningar.pdf,FÖ,4,ENL. FASADER I A-HANDLING SOCKELELEMENT FIBERFÖRSTÄRKT CEMENT-/BETONGSKIVA MIN. 10mm FÄRDIG MARKNIVÅ
6.4.3 Konstruktion ritningar.pdf,FÖ,4,GP04 MIN. 200 MIN. 200 FÖRMODAD BERGNIVÅ NY BERGNIVÅ FILNAMN: PROJEKTNAMN
6.4.3 Konstruktion ritningar.pdf,FÖ,4,PROJEKTNUMMER ADRESS DIARIENUMMER FASTIGHET DISCIPLIN FÖRETAG UPPDRAGSNUMMER SKAPAD AV TELEFON KONTAKTPERSON
6.4.3 Konstruktion ritningar.pdf,FÖ,4,DETALJER 304051-K-15-6-A001 ANNANDAGSGATAN NY FSK FÖRFRÅGNINGSUNDERLAG GODKÄND 2023-12-20 F.GELANDER GD01 1
6.4.3 Konstruktion ritningar.pdf,FÖ,5,A YVB05 YVB01 YVB01 IVB01 FÖRKLARINGAR HÄNVISNINGAR SE RITN. 304051-K-01-5-A001 FÖR
6.4.3 Konstruktion ritningar.pdf,FÖ,5,FÖRKLARINGAR HÄNVISNINGAR SE RITN. 304051-K-01-5-A001 FÖR LITTERA BYGGDELAR DÖRRAR OCH FÖNSTER
6.4.3 Konstruktion ritningar.pdf,FÖ,5,FÖR LITTERA BYGGDELAR DÖRRAR OCH FÖNSTER ENL. A-HANDLING. (ÖPPNINGAR I VÄGGAR
6.4.3 Konstruktion ritningar.pdf,FÖ,5,PROJEKTNUMMER ADRESS DIARIENUMMER FASTIGHET DISCIPLIN FÖRETAG UPPDRAGSNUMMER SKAPAD AV TELEFON KONTAKTPERSON
6.4.3 Konstruktion ritningar.pdf,FÖ,5,PLANER 304051-K-20-1-A100 ANNANDAGSGATAN NY FSK FÖRFRÅGNINGSUNDERLAG GODKÄND 2023-12-20 F.GELANDER PLAN 1
6.4.3 Konstruktion ritningar.pdf,FÖ,5,"BALK, MED DIMENSION UTEFTER ÖPPNINGSMÅTT FÖR DÖRR ENL. A: B=0-1100: 45x220"
6.4.3 Konstruktion ritningar.pdf,FÖ,6,SB02 TRAPPA ENL. A ÖPPNING FÖR TRAPPA ENL. A IVB07 IVB04
6.4.3 Konstruktion ritningar.pdf,FÖ,6,IVB01 YVB02 YVB01 YVB05 YVB01 FÖRKLARINGAR HÄNVISNINGAR SE RITN. 304051-K-01-5-A001 FÖR
6.4.3 Konstruktion ritningar.pdf,FÖ,6,FÖRKLARINGAR HÄNVISNINGAR SE RITN. 304051-K-01-5-A001 FÖR LITTERA BYGGDELAR DÖRRAR OCH FÖNSTER
6.4.3 Konstruktion ritningar.pdf,FÖ,6,FÖR LITTERA BYGGDELAR DÖRRAR OCH FÖNSTER ENL. A-HANDLING. (ÖPPNINGAR I VÄGGAR
6.4.3 Konstruktion ritningar.pdf,FÖ,6,PROJEKTNUMMER ADRESS DIARIENUMMER FASTIGHET DISCIPLIN FÖRETAG UPPDRAGSNUMMER SKAPAD AV TELEFON KONTAKTPERSON
6.4.3 Konstruktion ritningar.pdf,FÖ,6,PLANER 304051-K-20-1-A200 ANNANDAGSGATAN NY FSK FÖRFRÅGNINGSUNDERLAG GODKÄND 2023-12-20 F.GELANDER PLAN 2
6.4.3 Konstruktion ritningar.pdf,FÖ,6,VÄXLAS AV BEROENDE PÅ ÖPPNINGSMÅTT FÖR DÖRRAR ENL. A: B=0-1100: 45x220
6.4.3 Konstruktion ritningar.pdf,FÖ,7,YV04 BJL07 H=370 UK+91.765 ÖPPNING FÖR FÖRKLARINGAR HÄNVISNINGAR SE RITN. 304051-K-01-5-A001
6.4.3 Konstruktion ritningar.pdf,FÖ,7,BJL07 H=370 UK+91.765 ÖPPNING FÖR FÖRKLARINGAR HÄNVISNINGAR SE RITN. 304051-K-01-5-A001 FÖR
6.4.3 Konstruktion ritningar.pdf,FÖ,7,FÖRKLARINGAR HÄNVISNINGAR SE RITN. 304051-K-01-5-A001 FÖR LITTERA BYGGDELAR DÖRRAR OCH FÖNSTER
6.4.3 Konstruktion ritningar.pdf,FÖ,7,FÖR LITTERA BYGGDELAR DÖRRAR OCH FÖNSTER ENL. A-HANDLING. (ÖPPNINGAR I VÄGGAR
6.4.3 Konstruktion ritningar.pdf,FÖ,7,PROJEKTNUMMER ADRESS DIARIENUMMER FASTIGHET DISCIPLIN FÖRETAG UPPDRAGSNUMMER SKAPAD AV TELEFON KONTAKTPERSON
6.4.3 Konstruktion ritningar.pdf,FÖ,7,PLANER 304051-K-20-1-A300 ANNANDAGSGATAN NY FSK FÖRFRÅGNINGSUNDERLAG GODKÄND 2023-12-20 F. GELANDER FÖR
6.4.3 Konstruktion ritningar.pdf,FÖ,7,FÖRFRÅGNINGSUNDERLAG GODKÄND 2023-12-20 F. GELANDER FÖR HALVTONADE BYGGDELAR SE TAKPLAN: 212020-K-20-1-A300
6.4.3 Konstruktion ritningar.pdf,FÖ,8,c1200 YTS01 c1200 YTS03 c1200 FÖRKLARINGAR HÄNVISNINGAR SE RITN. 304051-K-01-5-A001 FÖR
6.4.3 Konstruktion ritningar.pdf,FÖ,8,FÖRKLARINGAR HÄNVISNINGAR SE RITN. 304051-K-01-5-A001 FÖR LITTERA BYGGDELAR DÖRRAR OCH FÖNSTER
6.4.3 Konstruktion ritningar.pdf,FÖ,8,FÖR LITTERA BYGGDELAR DÖRRAR OCH FÖNSTER ENL. A-HANDLING. (ÖPPNINGAR I VÄGGAR
6.4.3 Konstruktion ritningar.pdf,FÖ,8,PROJEKTNUMMER ADRESS DIARIENUMMER FASTIGHET DISCIPLIN FÖRETAG UPPDRAGSNUMMER SKAPAD AV TELEFON KONTAKTPERSON
6.4.3 Konstruktion ritningar.pdf,FÖ,8,PLANER 304051-K-20-1-A400 ANNANDAGSGATAN NY FSK FÖRFRÅGNINGSUNDERLAG GODKÄND 2023-12-20 F.GELANDER TAKPLAN 1
6.4.3 Konstruktion ritningar.pdf,FÖ,8,(MELLAN TAKSTOLARNA) c600mm. ANTALET REGELVÄGGAR FÖR VARDERA TAKSTOL: YTS01 I FEM
6.4.3 Konstruktion ritningar.pdf,FÖ,8,"ENL. OVAN HÅL I TAK FÖR HUVAR, RÖKLUCKA OCH TAKLUCKA AVVÄXLAS"
6.4.3 Konstruktion ritningar.pdf,FÖ,9,+84.650 F.G. +88.500 F.G. +92.285 FÖRMODAD BERGNIVÅ NY BERGNIVÅ 50 STENFLIS
6.4.3 Konstruktion ritningar.pdf,FÖ,9,GEOTEXTIL PACKAT KROSSMATERIAL TILL BERG FÖRMODAD BERGNIVÅ BJL03 GP03 IVB03 IVB08
6.4.3 Konstruktion ritningar.pdf,FÖ,9,SP01 BALKONG KOPPLAS TILL HUSSTOMME FÖR HORISONTELL STABILISERING (EJ I FÖNSTERPARTI)
6.4.3 Konstruktion ritningar.pdf,FÖ,9,FÖR HORISONTELL STABILISERING (EJ I FÖNSTERPARTI) BJL07 DUBBLA DRÄNRÖR DUBBLA DRÄNRÖR
6.4.3 Konstruktion ritningar.pdf,FÖ,9,YT01 YVB05 YVB05 YVB01 YVB01 FÖRKLARINGAR HÄNVISNINGAR SE RITN. 304051-K-01-5-A001 FÖR
6.4.3 Konstruktion ritningar.pdf,FÖ,9,FÖRKLARINGAR HÄNVISNINGAR SE RITN. 304051-K-01-5-A001 FÖR LITTERA BYGGDELAR DÖRRAR OCH FÖNSTER
6.4.3 Konstruktion ritningar.pdf,FÖ,9,FÖR LITTERA BYGGDELAR DÖRRAR OCH FÖNSTER ENL. A-HANDLING. (ÖPPNINGAR I VÄGGAR
6.4.3 Konstruktion ritningar.pdf,FÖ,9,PROJEKTNUMMER ADRESS DIARIENUMMER FASTIGHET DISCIPLIN FÖRETAG UPPDRAGSNUMMER SKAPAD AV TELEFON KONTAKTPERSON
6.4.3 Konstruktion ritningar.pdf,FÖ,9,SEKTIONER 304051-K-20-2-A001 ANNANDAGSGATAN NY FSK FÖRFRÅGNINGSUNDERLAG GODKÄND 2023-12-20 F.GELANDER A 1
6.4.3 Konstruktion ritningar.pdf,FÖ,10,M FÄRDIG MARKNIVÅ ENL. M FÖRMODAD BERGNIVÅ 50 STENFLIS 150 MAKADAM
6.4.3 Konstruktion ritningar.pdf,FÖ,10,GEOTEXTIL PACKAT KROSSMATERIAL TILL BERG FÖRMODAD BERGNIVÅ YT02 F.G. +84.650 F.G.
6.4.3 Konstruktion ritningar.pdf,FÖ,10,+91.943 BALKONG KOPPLAS TILL HUSSTOMME FÖR HORISONTELL STABILISERING DUBBLA DRÄNRÖR DUBBLA
6.4.3 Konstruktion ritningar.pdf,FÖ,10,TB06 TB04 TB04 TB03 YT02 FÖRKLARINGAR HÄNVISNINGAR SE RITN. 304051-K-01-5-A001 FÖR
6.4.3 Konstruktion ritningar.pdf,FÖ,10,FÖRKLARINGAR HÄNVISNINGAR SE RITN. 304051-K-01-5-A001 FÖR LITTERA BYGGDELAR DÖRRAR OCH FÖNSTER
6.4.3 Konstruktion ritningar.pdf,FÖ,10,FÖR LITTERA BYGGDELAR DÖRRAR OCH FÖNSTER ENL. A-HANDLING. (ÖPPNINGAR I VÄGGAR
6.4.3 Konstruktion ritningar.pdf,FÖ,10,PROJEKTNUMMER ADRESS DIARIENUMMER FASTIGHET DISCIPLIN FÖRETAG UPPDRAGSNUMMER SKAPAD AV TELEFON KONTAKTPERSON
6.4.3 Konstruktion ritningar.pdf,FÖ,10,SEKTIONER 304051-K-20-2-A002 ANNANDAGSGATAN NY FSK FÖRFRÅGNINGSUNDERLAG GODKÄND 2023-12-20 F.GELANDER B 1
6.4.3 Konstruktion ritningar.pdf,FÖ,11,GEOTEXTIL PACKAT KROSSMATERIAL TILL BERG FÖRMODAD BERGNIVÅ FÄRDIG MARKNIVÅ ENL. M
6.4.3 Konstruktion ritningar.pdf,FÖ,11,YT01 BJL04 BJL01 NY BERGNIVÅ FÖRKLARINGAR HÄNVISNINGAR SE RITN. 304051-K-01-5-A001 FÖR
6.4.3 Konstruktion ritningar.pdf,FÖ,11,FÖRKLARINGAR HÄNVISNINGAR SE RITN. 304051-K-01-5-A001 FÖR LITTERA BYGGDELAR DÖRRAR OCH FÖNSTER
6.4.3 Konstruktion ritningar.pdf,FÖ,11,FÖR LITTERA BYGGDELAR DÖRRAR OCH FÖNSTER ENL. A-HANDLING. (ÖPPNINGAR I VÄGGAR
6.4.3 Konstruktion ritningar.pdf,FÖ,11,PROJEKTNUMMER ADRESS DIARIENUMMER FASTIGHET DISCIPLIN FÖRETAG UPPDRAGSNUMMER SKAPAD AV TELEFON KONTAKTPERSON
6.4.3 Konstruktion ritningar.pdf,FÖ,11,SEKTIONER 304051-K-20-2-A003 ANNANDAGSGATAN NY FSK FÖRFRÅGNINGSUNDERLAG GODKÄND 2023-12-20 F.GELANDER C 1
6.4.3 Konstruktion ritningar.pdf,FÖ,11,F.GELANDER C 1 : 50 FÖR TAKSTOLAR SE RITN: 304051-K-20-2-A001 304051-K-20-2-A002
6.4.3 Konstruktion ritningar.pdf,FÖ,12,+92.285 F.G. +88.500 F.G. +84.650 FÖRMODAD BERGNIVÅ FÄRDIG MARKNIVÅ ENL. M
6.4.3 Konstruktion ritningar.pdf,FÖ,12,LAGER FOAMGLAS I BOTTENPLATTA YVB03 FÖRKLARINGAR HÄNVISNINGAR SE RITN. 304051-K-01-5-A001 FÖR
6.4.3 Konstruktion ritningar.pdf,FÖ,12,FÖRKLARINGAR HÄNVISNINGAR SE RITN. 304051-K-01-5-A001 FÖR LITTERA BYGGDELAR DÖRRAR OCH FÖNSTER
6.4.3 Konstruktion ritningar.pdf,FÖ,12,FÖR LITTERA BYGGDELAR DÖRRAR OCH FÖNSTER ENL. A-HANDLING. (ÖPPNINGAR I VÄGGAR
6.4.3 Konstruktion ritningar.pdf,FÖ,12,PROJEKTNUMMER ADRESS DIARIENUMMER FASTIGHET DISCIPLIN FÖRETAG UPPDRAGSNUMMER SKAPAD AV TELEFON KONTAKTPERSON
6.4.3 Konstruktion ritningar.pdf,FÖ,12,SEKTIONER 304051-K-20-2-A004 ANNANDAGSGATAN NY FSK FÖRFRÅGNINGSUNDERLAG GODKÄND 2023-12-20 F.GELANDER C DEL
6.4.3 Konstruktion ritningar.pdf,FÖ,12,DEL 2 1 : 50 FÖR TAKSTOLAR SE RITN: 304051-K-20-2-A001 304051-K-20-2-A002
6.4.4 VA ritningar för KoV.pdf,FÖ,1,304051-R-RITNINGSFÖRTECKNING VA-OMLÄGGNING Företag Rejlers Projektnamn Projektnummer
6.4.4 VA ritningar för KoV.pdf,FÖ,1,304051-R-RITNINGSFÖRTECKNING VA-OMLÄGGNING Företag Rejlers Projektnamn Projektnummer Uppdragsnummer Annandagsgatan
6.4.4 VA ritningar för KoV.pdf,FÖ,1,Projektnamn Projektnummer Uppdragsnummer Annandagsgatan ny förskola 19173 183787 Status Handling Datum
6.4.4 VA ritningar för KoV.pdf,FÖ,1,Datum Ändring Godkänd av Sidnummer FÖRFRÅGNINGSUNDERLAG FÖRFRÅGNINGSUNDERLAG 2024-01-19 Sebastian Agerberg 1/1
6.4.4 VA ritningar för KoV.pdf,FÖ,1,Ändring Godkänd av Sidnummer FÖRFRÅGNINGSUNDERLAG FÖRFRÅGNINGSUNDERLAG 2024-01-19 Sebastian Agerberg 1/1 Ritningsnummer
6.4.4 VA ritningar för KoV.pdf,FÖ,1,"Datum Ändring 304051-R-51-1-0001 1:200 Planritning Förprojektering, VA-omläggning Förfrågningsunderlag Förfrågningsunderlag 2024-01-19 304051-R-51-1-0002"
6.4.4 VA ritningar för KoV.pdf,FÖ,1,"304051-R-51-1-0001 1:200 Planritning Förprojektering, VA-omläggning Förfrågningsunderlag Förfrågningsunderlag 2024-01-19 304051-R-51-1-0002 1:200 Rivningsplan,"
6.4.4 VA ritningar för KoV.pdf,FÖ,1,"1:200 Planritning Förprojektering, VA-omläggning Förfrågningsunderlag Förfrågningsunderlag 2024-01-19 304051-R-51-1-0002 1:200 Rivningsplan, Förprojektering"
6.4.4 VA ritningar för KoV.pdf,FÖ,1,"Förfrågningsunderlag 2024-01-19 304051-R-51-1-0002 1:200 Rivningsplan, Förprojektering VA-omläggning Förfrågningsunderlag Förfrågningsunderlag 2024-01-19"
6.4.4 VA ritningar för KoV.pdf,FÖ,1,"304051-R-51-1-0002 1:200 Rivningsplan, Förprojektering VA-omläggning Förfrågningsunderlag Förfrågningsunderlag 2024-01-19"
6.4.4 VA ritningar för KoV.pdf,FÖ,1,"1:200 Rivningsplan, Förprojektering VA-omläggning Förfrågningsunderlag Förfrågningsunderlag 2024-01-19"
6.4.5 Geo ritningar.pdf,FÖ,1,GODKÄND AV M.ENGSTRÖM DISCIPLIN G FÖRETAG WSP TELEFON 010-7225000 KONTAKTPERSON M.ENGSTRÖM
6.4.5 Geo ritningar.pdf,FÖ,1,FASTIGHET ADRESS ANNANDAGSGATAN1 BESTÄLLARE PROJEKTNAMN FÖRFRÅGNINGSUNDERLAG HANDLING GODKÄND STATUS DATUM 2023-12-20
6.4.5 Geo ritningar.pdf,FÖ,1,_ 304051 OMRÅDE ANNANDAGSGATAN NY FÖRSKOLA GBG. KORTEDALA 90:3
6.4.5 Geo ritningar.pdf,FÖ,2,GODKÄND AV M.ENGSTRÖM DISCIPLIN G FÖRETAG WSP TELEFON 010-7225000 KONTAKTPERSON M.ENGSTRÖM
6.4.5 Geo ritningar.pdf,FÖ,2,FASTIGHET ADRESS ANNANDAGSGATAN1 BESTÄLLARE PROJEKTNAMN FÖRFRÅGNINGSUNDERLAG HANDLING GODKÄND STATUS DATUM 2023-12-20
6.4.5 Geo ritningar.pdf,FÖ,2,_ 304051 OMRÅDE ANNANDAGSGATAN NY FÖRSKOLA GBG. KORTEDALA 90:3
6.4.5 Geo ritningar.pdf,FÖ,3,GODKÄND AV M.ENGSTRÖM DISCIPLIN G FÖRETAG WSP TELEFON 010-7225000 KONTAKTPERSON M.ENGSTRÖM
6.4.5 Geo ritningar.pdf,FÖ,3,FASTIGHET ADRESS ANNANDAGSGATAN1 BESTÄLLARE PROJEKTNAMN FÖRFRÅGNINGSUNDERLAG HANDLING GODKÄND STATUS DATUM 2023-12-20
6.4.5 Geo ritningar.pdf,FÖ,3,_ 304051 OMRÅDE ANNANDAGSGATAN NY FÖRSKOLA GBG. KORTEDALA 90:3
6.4.6 Akustik ritningar.pdf,FÖ,1,A105 WC/D 4 m² A108 Förråd 7 m² A103 Varumottagning 11
6.4.6 Akustik ritningar.pdf,FÖ,1,AVSER DATUM SIGN Telefon 0708-194282 FÖRKLARINGAR 304051-AK-40-P-A100 2023-12-20 FÖRFRÅGNINGSUNDERLAG Ljudisolering väggar
6.4.6 Akustik ritningar.pdf,FÖ,1,Telefon 0708-194282 FÖRKLARINGAR 304051-AK-40-P-A100 2023-12-20 FÖRFRÅGNINGSUNDERLAG Ljudisolering väggar R'w [dB] R'w
6.4.6 Akustik ritningar.pdf,FÖ,1,"Vikvägg, se akustikhandling Skiljekonstruktioners ljudisolering försämras då gipsskivor ersätts med plywood"
6.4.6 Akustik ritningar.pdf,FÖ,1,liknande material samt om rördragning utförs i väggarna. För att undvika
6.4.6 Akustik ritningar.pdf,FÖ,1,om rördragning utförs i väggarna. För att undvika en försämring rekommenderas
6.4.6 Akustik ritningar.pdf,FÖ,1,väggarna. För att undvika en försämring rekommenderas det att man går
6.4.6 Akustik ritningar.pdf,FÖ,1,byte av gipsskivor och/eller rördragningar utförs i väggar. Ljudisolering byggdelar Dörr
6.4.6 Akustik ritningar.pdf,FÖ,1,Glasparti labvärde Rw [dB] ANNANDAGSGATAN FÖRSKOLA GÖTEBORG
6.4.6 Akustik ritningar.pdf,FÖ,2,A204 Kontor 7 m² A201 Förråd 15 m² A207 Städ 6
6.4.6 Akustik ritningar.pdf,FÖ,2,"kopiator, post 7 m² A208 Förråd Nummer DATUM UPPDRAG NR ANSVARIG"
6.4.6 Akustik ritningar.pdf,FÖ,2,AVSER DATUM SIGN Telefon 0708-194282 FÖRKLARINGAR 304051-AK-40-P-A300 2023-12-20 FÖRFRÅGNINGSUNDERLAG Ljudisolering väggar
6.4.6 Akustik ritningar.pdf,FÖ,2,Telefon 0708-194282 FÖRKLARINGAR 304051-AK-40-P-A300 2023-12-20 FÖRFRÅGNINGSUNDERLAG Ljudisolering väggar R'w [dB] R'w
6.4.6 Akustik ritningar.pdf,FÖ,2,"Vikvägg, se akustikhandling Skiljekonstruktioners ljudisolering försämras då gipsskivor ersätts med plywood"
6.4.6 Akustik ritningar.pdf,FÖ,2,liknande material samt om rördragning utförs i väggarna. För att undvika
6.4.6 Akustik ritningar.pdf,FÖ,2,om rördragning utförs i väggarna. För att undvika en försämring rekommenderas
6.4.6 Akustik ritningar.pdf,FÖ,2,väggarna. För att undvika en försämring rekommenderas det att man går
6.4.6 Akustik ritningar.pdf,FÖ,2,byte av gipsskivor och/eller rördragningar utförs i väggar. Ljudisolering byggdelar Dörr
6.4.6 Akustik ritningar.pdf,FÖ,2,Glasparti labvärde Rw [dB] ANNANDAGSGATAN FÖRSKOLA GÖTEBORG
6.4.6 Akustik ritningar.pdf,FÖ,3,AVSER DATUM SIGN Telefon 0708-194282 FÖRKLARINGAR 304051-AK-40-P-A200 2023-12-20 FÖRFRÅGNINGSUNDERLAG Ljudisolering väggar
6.4.6 Akustik ritningar.pdf,FÖ,3,Telefon 0708-194282 FÖRKLARINGAR 304051-AK-40-P-A200 2023-12-20 FÖRFRÅGNINGSUNDERLAG Ljudisolering väggar R'w [dB] R'w
6.4.6 Akustik ritningar.pdf,FÖ,3,"Vikvägg, se akustikhandling Skiljekonstruktioners ljudisolering försämras då gipsskivor ersätts med plywood"
6.4.6 Akustik ritningar.pdf,FÖ,3,liknande material samt om rördragning utförs i väggarna. För att undvika
6.4.6 Akustik ritningar.pdf,FÖ,3,om rördragning utförs i väggarna. För att undvika en försämring rekommenderas
6.4.6 Akustik ritningar.pdf,FÖ,3,väggarna. För att undvika en försämring rekommenderas det att man går
6.4.6 Akustik ritningar.pdf,FÖ,3,byte av gipsskivor och/eller rördragningar utförs i väggar. Ljudisolering byggdelar Dörr
6.4.6 Akustik ritningar.pdf,FÖ,3,Glasparti labvärde Rw [dB] ANNANDAGSGATAN FÖRSKOLA GÖTEBORG
